PWSID,System_Name,System_Type,County,Population_Served,Uses_SW_Purchased,Uses_SW_Produced,Uses_SW,Uses_GW,Dominant_Source
CA0105008,CASTLEWOOD DOMESTIC WATER SYSTEM,C,ALAMEDA  ,524,NO,YES,YES,NO,surface water
CA0105010,EBRPD - DEL VALLE REGIONAL PARK,NC,ALAMEDA  ,9024,NO,YES,YES,NO,surface water
CA0110005,EAST BAY MUD,C,ALAMEDA  ,1430200,NO,YES,YES,NO,surface water
CA0110010,ZONE 7 WATER AGENCY,C,ALAMEDA  ,40,NO,YES,YES,YES,surface water
CA0110650,USBR-SLDMWA - CVP JONES PUMPING PLANT,NTNC,ALAMEDA  ,90,NO,YES,YES,NO,surface water
CA0202504,MARKLEEVILLE WATER CO.,C,ALPINE  ,25,MAYBE,YES,YES,YES,surface water dominant
CA0210001,LAKE ALPINE WATER COMPANY,C,ALPINE  ,625,NO,YES,YES,NO,surface water
CA0210300,CA STATE PARKS - GROVER HOT SPRINGS,NC,ALPINE  ,1006,NO,YES,YES,NO,surface water
CA0300016,VOLCANO COMMUNITY SERVICE DIST,C,AMADOR  ,103,NO,YES,YES,YES,surface water
CA0300037,JACKSON VALLEY IRRIGATION DISTRICT,C,AMADOR  ,3553,NO,YES,YES,NO,surface water
CA0300073,AWA - TIGER CREEK POWERHOUSE,NTNC,AMADOR  ,32,NO,YES,YES,NO,surface water
CA0301038,PARDEE RECREATION AREA,NTNC,AMADOR  ,440,NO,YES,YES,NO,surface water
CA0310002,"AWA, IONE",C,AMADOR  ,7227,NO,YES,YES,NO,surface water
CA0310003,"AWA, TANNER",C,AMADOR  ,4940,NO,YES,YES,NO,surface water
CA0310012,AWA BUCKHORN PLANT,C,AMADOR  ,8791,NO,YES,YES,NO,surface water
CA0405001,DEL ORO WATER CO.-LIME SADDLE MARINA,C,BUTTE  ,868,MAYBE,YES,YES,YES,balanced portfolio
CA0410006,SOUTH FEATHER W&P - MINERS RANCH,C,BUTTE  ,22727,NO,YES,YES,NO,surface water
CA0410007,PARADISE IRRIGATION DISTRICT,C,BUTTE  ,6518,NO,YES,YES,NO,surface water
CA0410008,THERMALITO WATER & SEWER DIST,C,BUTTE  ,12136,NO,YES,YES,YES,surface water
CA0410012,SOUTH FEATHER W&P - BANGOR,C,BUTTE  ,76,NO,YES,YES,NO,surface water
CA0410018,DEL ORO WATER CO.-STIRLING BLUFFS,C,BUTTE  ,518,NO,YES,YES,NO,surface water
CA0500027,LILI VALLEY WATER CO.,C,CALAVERAS  ,99,NO,YES,YES,YES,groundwater
CA0500053,PARDEE CENTER,NTNC,CALAVERAS  ,55,NO,YES,YES,NO,surface water
CA0510001,UNION PUBLIC UTILITY DISTRICT,C,CALAVERAS  ,4774,NO,YES,YES,NO,surface water
CA0510002,CALAVERAS PUD,C,CALAVERAS  ,6286,NO,YES,YES,NO,surface water
CA0510003,"ANGELS, CITY OF",C,CALAVERAS  ,3836,NO,YES,YES,NO,surface water
CA0510004,CCWD - SHEEP RANCH,C,CALAVERAS  ,89,NO,YES,YES,NO,surface water
CA0510005,CCWD - WEST POINT,C,CALAVERAS  ,1043,NO,YES,YES,NO,surface water
CA0510006,CCWD - JENNY LIND,C,CALAVERAS  ,9861,NO,YES,YES,NO,surface water
CA0510012,CAMANCHE SOUTH SHORE-EBMUD,C,CALAVERAS  ,666,NO,YES,YES,NO,surface water
CA0510016,CCWD - EBBETTS PASS,C,CALAVERAS  ,11545,NO,YES,YES,NO,surface water
CA0510017,CCWD - COPPER COVE,C,CALAVERAS  ,5187,NO,YES,YES,NO,surface water
CA0600012,COLUSA CO. SERVICE AREA #1-CENTURY RANCH,C,COLUSA  ,246,NO,YES,YES,YES,surface water
CA0701706,LOS VAQUEROS MARINA BLDG,NC,CONTRA COSTA  ,180,NO,YES,YES,NO,surface water
CA0701707,LOS VAQUEROS INTERPRETIVE CENTER,NC,CONTRA COSTA  ,25,NO,YES,YES,NO,surface water
CA0710001,CITY OF ANTIOCH,C,CONTRA COSTA  ,115074,MAYBE,YES,YES,MAYBE,surface water dominant
CA0710003,CONTRA COSTA WATER DISTRICT,C,CONTRA COSTA  ,198000,MAYBE,YES,YES,MAYBE,purchased water dominant
CA0710004,BRENTWOOD,C,CONTRA COSTA  ,64342,YES,YES,YES,YES,surface water
CA0710006,CITY OF MARTINEZ,C,CONTRA COSTA  ,28518,NO,YES,YES,NO,surface water
CA0710008,CITY OF PITTSBURG,C,CONTRA COSTA  ,62500,NO,YES,YES,YES,surface water
CA0710010,RANDALL-BOLD WATER TREATMENT PLANT,C,CONTRA COSTA  ,1,YES,YES,YES,NO,surface water
CA0710011,CCWD/BRENTWOOD WTP,C,CONTRA COSTA  ,1,NO,YES,YES,NO,surface water
CA0710800,DWR DELTA FIELD DIVISION - BANKS PP,NTNC,CONTRA COSTA  ,180,NO,YES,YES,NO,surface water
CA0800555,GASQUET C.S.D.,C,DEL NORTE  ,785,NO,YES,YES,NO,surface water
CA0900120,SCIOTS TRACT WATER SYSTEM,NC,EL DORADO  ,223,NO,YES,YES,NO,surface water
CA0900300,KYBURZ MUTUAL WATER COMPANY,C,EL DORADO  ,150,NO,YES,YES,NO,surface water
CA0900307,OLSON TRACT WATER ASSOCIATION,NC,EL DORADO  ,25,NO,YES,YES,NO,surface water
CA0900507,STANFORD SIERRA CAMP,NC,EL DORADO  ,295,NO,YES,YES,NO,surface water
CA0900516,CAMP SACRAMENTO,NC,EL DORADO  ,250,NO,YES,YES,NO,surface water
CA0900641,FALLEN LEAF MUTUAL WATER CO,NC,EL DORADO  ,461,NO,YES,YES,NO,surface water
CA0900650,ECHO LAKE CAMP,NC,EL DORADO  ,120,NO,YES,YES,YES,surface water
CA0901217,BEAR STATE WATER WORKS,C,EL DORADO  ,100,NO,YES,YES,YES,surface water
CA0910001,EL DORADO ID - MAIN,C,EL DORADO  ,131527,NO,YES,YES,NO,surface water
CA0910006,GRIZZLY FLATS COMMUNITY SERVIC,C,EL DORADO  ,1093,NO,YES,YES,NO,surface water
CA0910013,GEORGETOWN DIVIDE PUD,C,EL DORADO  ,9409,NO,YES,YES,NO,surface water
CA0910017,EL DORADO ID - STRAWBERRY,C,EL DORADO  ,400,NO,YES,YES,NO,surface water
CA0910018,EL DORADO ID - OUTINGDALE,C,EL DORADO  ,535,NO,YES,YES,NO,surface water
CA0910019,LAKESIDE PARK ASSOCIATION,C,EL DORADO  ,2648,NO,YES,YES,YES,surface water
CA0910301,CA STATE PARKS - D.L. BLISS,NC,EL DORADO  ,1005,NO,YES,YES,NO,surface water
CA0910302,"CA STATE PARKS - EMERALD BAY, VIKINGSHOL",NC,EL DORADO  ,1002,NO,YES,YES,NO,surface water
CA0910303,"CA STATE PARKS - EMERALD BAY, EAGLE POIN",NC,EL DORADO  ,1000,NO,YES,YES,NO,surface water
CA0910305,"CA STATE PARKS - EMERALD BAY, BOAT CAMPG",NC,EL DORADO  ,1001,NO,YES,YES,NO,surface water
CA1000003,BEAR CREEK WATER IMPROVEMENT,NC,FRESNO  ,100,NO,YES,YES,NO,surface water
CA1000010,CAMP SIERRA,NC,FRESNO  ,250,NO,YES,YES,NO,surface water
CA1000017,DOWVILLE TRACT ASSOCIATION,NC,FRESNO  ,150,NO,YES,YES,NO,surface water
CA1000019,FCSA #30/EL PORVENIR,C,FRESNO  ,241,NO,YES,YES,NO,surface water
CA1000137,USFS/DINKEY CREEK CAMPGROUND,NC,FRESNO  ,1400,NO,YES,YES,NO,surface water
CA1000177,I-5 AND PANOCHE DEVELOPMENT,NTNC,FRESNO  ,85,NO,YES,YES,NO,surface water
CA1000178,I-5 AND HWY 198 REST AREA,NTNC,FRESNO  ,225,NO,YES,YES,NO,surface water
CA1000213,HARRIS FARMS/HORSE BARN,C,FRESNO  ,98,NO,YES,YES,NO,surface water
CA1000214,HARRIS RANCH RESTAURANT,NTNC,FRESNO  ,1750,NO,YES,YES,NO,surface water
CA1000345,PANOCHE WATER DISTRICT,C,FRESNO  ,146,NO,YES,YES,NO,surface water
CA1000359,FCSA #32/CANTUA CREEK,C,FRESNO  ,462,NO,YES,YES,NO,surface water
CA1000361,WESTLANDS WATER DISTRICT,NTNC,FRESNO  ,48,NO,YES,YES,NO,surface water
CA1000484,FCSA #34/ MILLERTON NEW TOWN,C,FRESNO  ,876,NO,YES,YES,NO,surface water
CA1000546,FCSA #49/ FIVE POINTS,C,FRESNO  ,440,NO,YES,YES,NO,surface water
CA1000564,WONDERFUL PISTACHIOS & ALMONDS-EL DORADO,NTNC,FRESNO  ,25,NO,YES,YES,NO,surface water
CA1000588,#N/A,#N/A,#N/A,#N/A,NO,YES,YES,NO,surface water
CA1000596,#N/A,#N/A,#N/A,#N/A,NO,YES,YES,NO,surface water
CA1000607,GOLD LEAF FARMING LLC,NTNC,FRESNO  ,64,NO,YES,YES,NO,surface water
CA1000645,"GRANVILLE FARMS, LLC",NTNC,FRESNO  ,27,NO,YES,YES,NO,surface water
CA1009023,BRITZ/COLUSA,C,FRESNO  ,85,NO,YES,YES,NO,surface water
CA1009027,HARRIS FARMS HEADQUARTERS,C,FRESNO  ,140,NO,YES,YES,NO,surface water
CA1009028,HARRIS FARMS SOUTH #101-144,C,FRESNO  ,182,NO,YES,YES,NO,surface water
CA1009039,PAPPAS & CO (MENDOTA),C,FRESNO  ,27,NO,YES,YES,NO,surface water
CA1009078,HARRIS FEEDING COMPANY,C,FRESNO  ,222,NO,YES,YES,NO,surface water
CA1009111,SCE/BIG CREEK POWERHOUSE #1,C,FRESNO  ,126,NO,YES,YES,NO,surface water
CA1009129,PG&E BALCH CAMP,NC,FRESNO  ,56,NO,YES,YES,NO,surface water
CA1009147,#N/A,#N/A,#N/A,#N/A,NO,YES,YES,NO,surface water
CA1009179,BRITZ/FIVE POINT SYSTEM,C,FRESNO  ,76,NO,YES,YES,NO,surface water
CA1009214,WESTSIDE HARVESTING,C,FRESNO  ,72,NO,YES,YES,NO,surface water
CA1009222,TERRA LINDA FARMS,C,FRESNO  ,80,NO,YES,YES,NO,surface water
CA1009232,"CC FARMS, LLC.",C,FRESNO  ,82,NO,YES,YES,NO,surface water
CA1010003,CITY OF CLOVIS,C,FRESNO  ,125722,NO,YES,YES,YES,groundwater
CA1010004,COALINGA-CITY,C,FRESNO  ,17277,NO,YES,YES,NO,surface water
CA1010007,CITY OF FRESNO,C,FRESNO  ,545466,NO,YES,YES,YES,surface water
CA1010013,"HUME LAKE CHRISTIAN CAMPS, INC",C,FRESNO  ,2427,NO,YES,YES,NO,surface water
CA1010023,CITY OF ORANGE COVE,C,FRESNO  ,9780,NO,YES,YES,NO,surface water
CA1010044,"HURON, CITY OF",C,FRESNO  ,9306,NO,YES,YES,NO,surface water
CA1010051,FCWWD #18/FRIANT,C,FRESNO  ,772,NO,YES,YES,NO,surface water
CA1010500,NPS-SHEEP CREEK,NC,FRESNO  ,2900,NO,YES,YES,YES,surface water
CA1100616,ELK CREEK COMMUNITY S.D.,C,GLENN  ,159,NO,YES,YES,NO,surface water
CA1200501,ALDERPOINT COUNTY WATER,C,HUMBOLDT  ,219,NO,YES,YES,NO,surface water
CA1200522,WHITETHORN ELEMENTARY SCHOOL,NTNC,HUMBOLDT  ,42,NO,YES,YES,NO,surface water
CA1200541,PHILLIPSVILLE C.S.D.,C,HUMBOLDT  ,300,NO,YES,YES,YES,surface water
CA1200544,REDCREST WATER WORKS,C,HUMBOLDT  ,116,NO,YES,YES,NO,surface water
CA1200553,WEOTT C.S.D.,C,HUMBOLDT  ,456,NO,YES,YES,NO,surface water
CA1200566,ORLEANS MUTUAL WATER COMPANY,C,HUMBOLDT  ,85,NO,YES,YES,NO,surface water
CA1200587,BRICELAND C.S.D.,C,HUMBOLDT  ,75,NO,YES,YES,NO,surface water
CA1200588,SEAWOOD ESTATES MUTUAL WATER COMPANY,C,HUMBOLDT  ,60,NO,YES,YES,NO,surface water
CA1200600,BOISE CREEK CG-SNRF,NC,HUMBOLDT  ,25,NO,YES,YES,NO,surface water
CA1200643,BEACH CREEK MOBILE HOME PARK,C,HUMBOLDT  ,67,NO,YES,YES,NO,surface water
CA1200648,FERNBRIDGE CAFE,NC,HUMBOLDT  ,85,NO,YES,YES,NO,surface water
CA1200671,BENBOW-DEL ORO W.C.,C,HUMBOLDT  ,399,NO,YES,YES,NO,surface water
CA1200704,AZALEA GLEN,NC,HUMBOLDT  ,65,NO,YES,YES,NO,surface water
CA1200706,TRINIDAD EXTENDED STAY RV,C,HUMBOLDT  ,130,MAYBE,YES,YES,MAYBE,surface water dominant
CA1200729,ORLEANS C.S.D.,C,HUMBOLDT  ,636,NO,YES,YES,NO,surface water
CA1200733,FISH LAKE CG - SRNF,NC,HUMBOLDT  ,130,NO,YES,YES,NO,surface water
CA1200772,OCEAN GROVE LODGE,NC,HUMBOLDT  ,53,NO,YES,YES,NO,surface water
CA1200831,LARRUPIN CAFE,NC,HUMBOLDT  ,247,NO,YES,YES,NO,surface water
CA1206002,PALOMINO ESTATES WATER COMPANY,C,HUMBOLDT  ,64,NO,YES,YES,NO,surface water
CA1206012,WHITETHORN CONSTRUCTION,NTNC,HUMBOLDT  ,45,NO,YES,YES,NO,surface water
CA1210007,DEL ORO WATER CO-FERNDALE,C,HUMBOLDT  ,2574,NO,YES,YES,YES,surface water
CA1210008,GARBERVILLE SANITARY DISTRICT,C,HUMBOLDT  ,913,NO,YES,YES,YES,surface water
CA1210010,SCOTIA CSD,C,HUMBOLDT  ,906,NO,YES,YES,NO,surface water
CA1210011,REDWAY C.S.D.,C,HUMBOLDT  ,1207,NO,YES,YES,NO,surface water
CA1210012,"RIO DELL, CITY OF",C,HUMBOLDT  ,3300,NO,YES,YES,YES,surface water
CA1210015,WILLOW CREEK C.S.D.,C,HUMBOLDT  ,1298,NO,YES,YES,NO,surface water
CA1210018,"TRINIDAD, CITY OF",C,HUMBOLDT  ,1072,NO,YES,YES,NO,surface water
CA1210022,RESORT IMPROVEMENT DISTRICT #1,C,HUMBOLDT  ,803,NO,YES,YES,YES,surface water
CA1210024,WESTHAVEN C.S.D.,C,HUMBOLDT  ,490,NO,YES,YES,YES,surface water
CA1210307,RICHARDSON GROVE SP-STATE PARKS,NC,HUMBOLDT  ,1509,NO,YES,YES,NO,surface water
CA1210308,GRIZZLY CREEK SP-STATE PARKS,NC,HUMBOLDT  ,153,NO,YES,YES,NO,surface water
CA1210312,FOUNDERS GROVE-STATE PARKS,NC,HUMBOLDT  ,200,NO,YES,YES,NO,surface water
CA1210319,SUE-MEG SP-STATE PARKS,NC,HUMBOLDT  ,1000,NO,YES,YES,YES,groundwater
CA1210320,GOLD BLUFFS BEACH CG-STATE PARKS,NC,HUMBOLDT  ,998,NO,YES,YES,NO,surface water
CA1210800,CAL FIRE-EEL RIVER CONSERVATION CAMP,NTNC,HUMBOLDT  ,180,NO,YES,YES,NO,surface water
CA1210801,CAL FIRE-HIGH ROCK CONSERVATION CAMP,NTNC,HUMBOLDT  ,80,NO,YES,YES,NO,surface water
CA1300018,GATEWAY,C,IMPERIAL  ,1800,NO,YES,YES,NO,surface water
CA1300549,IMPERIAL VALLEY COLLEGE,NTNC,IMPERIAL  ,15826,NO,YES,YES,NO,surface water
CA1300550,COUNTRY LIFE MH & RV PARK,C,IMPERIAL  ,600,NO,YES,YES,NO,surface water
CA1300553,MAGNOLIA UNION SCHOOL,NTNC,IMPERIAL  ,142,NO,YES,YES,NO,surface water
CA1300554,MEADOWS UNION ELEMENTARY SCHOOL,NTNC,IMPERIAL  ,550,NO,YES,YES,NO,surface water
CA1300556,MULBERRY UNION SCHOOL,NTNC,IMPERIAL  ,85,NO,YES,YES,NO,surface water
CA1300560,PINE UNION SCHOOL,NTNC,IMPERIAL  ,217,NO,YES,YES,NO,surface water
CA1300561,RED HILL MARINA,NC,IMPERIAL  ,30,NO,YES,YES,NO,surface water
CA1300571,UC DESERT RESEARCH AND EXTENSION CENTER,NTNC,IMPERIAL  ,27,NO,YES,YES,NO,surface water
CA1300572,VALLEY MOBILE HOME PARK,C,IMPERIAL  ,70,NO,YES,YES,NO,surface water
CA1300575,DATE GARDENS MOBILE HOME PARK,C,IMPERIAL  ,101,NO,YES,YES,NO,surface water
CA1300579,MCCABE UNION SCHOOL,NTNC,IMPERIAL  ,2642,NO,YES,YES,NO,surface water
CA1300614,WIEST LAKE,NC,IMPERIAL  ,30,NO,YES,YES,NO,surface water
CA1300620,RIO BEND RV GOLF RESORT & STORM CROSSING,C,IMPERIAL  ,630,NO,YES,YES,NO,surface water
CA1300628,IMPERIAL LAKES INC.,C,IMPERIAL  ,40,NO,YES,YES,NO,surface water
CA1300635,CALENERGY (ADMINISTRATIVE),NTNC,IMPERIAL  ,85,NO,YES,YES,NO,surface water
CA1300637,CALENERGY (SALTON SEA UNIT NO III),NTNC,IMPERIAL  ,85,NO,YES,YES,NO,surface water
CA1300638,CALENERGY (VULCAN POWER PLANT),NTNC,IMPERIAL  ,175,NO,YES,YES,NO,surface water
CA1300642,CALENERGY (ENG. & TECH.),NTNC,IMPERIAL  ,53,NO,YES,YES,NO,surface water
CA1300644,SPRECKELS SUGAR COMPANY,NTNC,IMPERIAL  ,300,NO,YES,YES,NO,surface water
CA1300652,IID NORTH END CONSOLIDATION,NTNC,IMPERIAL  ,30,NO,YES,YES,NO,surface water
CA1300653,BORNT & SONS INC.,NTNC,IMPERIAL  ,30,NO,YES,YES,NO,surface water
CA1300655,OLD EUCALYPTUS SCHOOLHOUSE,NC,IMPERIAL  ,200,NO,YES,YES,NO,surface water
CA1300661,CALVARY CHAPEL CHURCH,NTNC,IMPERIAL  ,40,NO,YES,YES,NO,surface water
CA1300668,ALLIED WASTE OF IMPERIAL VALLEY,NTNC,IMPERIAL  ,45,NO,YES,YES,NO,surface water
CA1300669,LA VALLE SABBIA INC.,NTNC,IMPERIAL  ,60,NO,YES,YES,NO,surface water
CA1300676,"EARTHRISE NUTRITIONALS, LLC",NTNC,IMPERIAL  ,50,NO,YES,YES,NO,surface water
CA1300679,HUDSON RANCH POWER I LLC,NTNC,IMPERIAL  ,39,NO,YES,YES,NO,surface water
CA1300685,BRANDT CATTLE,NTNC,IMPERIAL  ,50,NO,YES,YES,NO,surface water
CA1310001,"BRAWLEY, CITY OF",C,IMPERIAL  ,26928,NO,YES,YES,NO,surface water
CA1310002,"CALEXICO, CITY OF",C,IMPERIAL  ,40357,NO,YES,YES,NO,surface water
CA1310003,GSWC - CALIPATRIA,C,IMPERIAL  ,7412,NO,YES,YES,NO,surface water
CA1310004,"EL CENTRO, CITY OF",C,IMPERIAL  ,44158,NO,YES,YES,NO,surface water
CA1310005,"HOLTVILLE, CITY OF",C,IMPERIAL  ,6355,NO,YES,YES,NO,surface water
CA1310006,"IMPERIAL, CITY OF",C,IMPERIAL  ,21347,NO,YES,YES,NO,surface water
CA1310007,HEBER PUBLIC UTILITY DISTRICT,C,IMPERIAL  ,6979,NO,YES,YES,NO,surface water
CA1310008,"WESTMORLAND, CITY OF",C,IMPERIAL  ,2202,NO,YES,YES,NO,surface water
CA1310013,SEELEY CWD,C,IMPERIAL  ,1729,NO,YES,YES,NO,surface water
CA1310016,GSA CALEXICO PORT OF ENTRY,NTNC,IMPERIAL  ,300,NO,YES,YES,NO,surface water
CA1310019,DHS CALEXICO,NTNC,IMPERIAL  ,330,NO,YES,YES,NO,surface water
CA1310301,HEBER DUNES - SVRA,NC,IMPERIAL  ,25,NO,YES,YES,NO,surface water
CA1310302,SONNY BONO SALTON SEA WILDLIFE REFUGE,NC,IMPERIAL  ,78,NO,YES,YES,NO,surface water
CA1310700,NAF EL CENTRO,C,IMPERIAL  ,1944,NO,YES,YES,NO,surface water
CA1310801,CENTINELA STATE PRISON,C,IMPERIAL  ,3800,NO,YES,YES,NO,surface water
CA1400009,PARCHER'S RESORT,NC,INYO  ,68,NO,YES,YES,NO,surface water
CA1400035,LAKE SABRINA BOAT LANDING,NC,INYO  ,35,NO,YES,YES,NO,surface water
CA1400044,PANAMINT SPRINGS RESORT,NC,INYO  ,218,NO,YES,YES,NO,surface water
CA1400098,DARWIN COMMUNITY SERVICE DISTRICT,C,INYO  ,40,NO,YES,YES,NO,surface water
CA1400155,CONTROL GORGE POWER PLANT,C,INYO  ,32,NO,YES,YES,NO,surface water
CA1400527,KEELER YARD LADWP,NTNC,INYO  ,66,NO,YES,YES,NO,surface water
CA1502418,INDIAN WELLS LODGE,NC,KERN  ,47,NO,YES,YES,NO,surface water
CA1502759,WP&A - LOST HILLS WATER SYSTEM,NTNC,KERN  ,1850,NO,YES,YES,NO,surface water
CA1503275,WP&A - KING WATER SYSTEM,NTNC,KERN  ,457,NO,YES,YES,NO,surface water
CA1503341,TEJON CASTAC WD - I5 & LAVAL RD,NTNC,KERN  ,59074,NO,YES,YES,YES,surface water
CA1503663,WONDERFUL HULLING & SHELLING WS,NTNC,KERN  ,80,NO,YES,YES,NO,surface water
CA1510003,CWS - BAKERSFIELD,C,KERN  ,266213,MAYBE,YES,YES,YES,groundwater dominant
CA1510018,ROSAMOND CSD,C,KERN  ,17516,NO,YES,YES,YES,groundwater
CA1510031,"BAKERSFIELD, CITY OF",C,KERN  ,156770,YES,YES,YES,YES,groundwater
CA1510033,CWS - KERNVILLE,C,KERN  ,2602,NO,YES,YES,YES,groundwater
CA1510040,KERN COUNTY WATER AGENCY,C,KERN  ,0,NO,YES,YES,NO,surface water
CA1510055,CWS - NORTH GARDEN,C,KERN  ,22620,MAYBE,YES,YES,YES,balanced portfolio
CA1510300,CSP - RED ROCK CANYON,NC,KERN  ,404,NO,YES,YES,NO,surface water
CA1600023,AZCAL MANAGEMENT CO,C,KINGS  ,73,NO,YES,YES,NO,surface water
CA1600303,KEENAN FARMS INC.,NTNC,KINGS  ,174,NO,YES,YES,NO,surface water
CA1610002,"AVENAL, CITY OF",C,KINGS  ,13819,NO,YES,YES,NO,surface water
CA1610009,KETTLEMAN CITY CSD,C,KINGS  ,1136,NO,YES,YES,NO,surface water
CA1610700,LEMOORE NAVAL AIR STATION,C,KINGS  ,14000,NO,YES,YES,NO,surface water
CA1700511,HARBIN HOT SPRINGS,NTNC,LAKE  ,170,NO,YES,YES,NO,surface water
CA1700546,CLEAR WATER MUTUAL WATER COMPANY,C,LAKE  ,252,NO,YES,YES,NO,surface water
CA1700568,HARBOR VIEW MUTUAL WATER COMPANY,C,LAKE  ,550,NO,YES,YES,NO,surface water
CA1700584,WESTWIND MOBILE HOME PARK,C,LAKE  ,104,NO,YES,YES,NO,surface water
CA1700597,LAKE PILLSBURY RANCH WATER COMPANY,NC,LAKE  ,54,NO,YES,YES,NO,surface water
CA1700599,LAKE PILLSBURY RESORT & MARINA INC,NC,LAKE  ,150,NO,YES,YES,NO,surface water
CA1700603,RICHMOND PARK RESORT,NC,LAKE  ,34,NO,YES,YES,NO,surface water
CA1700609,LAZY S MOBILE RANCH,C,LAKE  ,73,NO,YES,YES,NO,surface water
CA1700716,LANGTRY FARMS,NC,LAKE  ,41,NO,YES,YES,YES,surface water
CA1710001,CLEARLAKE OAKS COUNTY WATER DISTRICT,C,LAKE  ,2359,NO,YES,YES,NO,surface water
CA1710002,GOLDEN STATE WATER CO.-CLEARLAKE SYSTEM,C,LAKE  ,4617,NO,YES,YES,NO,surface water
CA1710003,HIGHLANDS MUTUAL WATER COMPANY,C,LAKE  ,9510,NO,YES,YES,NO,surface water
CA1710004,"LAKEPORT, CITY OF",C,LAKE  ,4762,NO,YES,YES,YES,groundwater
CA1710005,LUCERNE WATER CO. - CAL WATER SERVICE,C,LAKE  ,2174,NO,YES,YES,NO,surface water
CA1710006,KONOCTI COUNTY WATER DISTRICT,C,LAKE  ,5928,NO,YES,YES,NO,surface water
CA1710008,NICE MUTUAL WATER COMPANY,C,LAKE  ,2731,NO,YES,YES,NO,surface water
CA1710011,BUCKINGHAM PARK WATER DISTRICT,C,LAKE  ,1508,NO,YES,YES,NO,surface water
CA1710014,MT. KONOCTI MUTUAL WATER COMPANY,C,LAKE  ,4360,NO,YES,YES,NO,surface water
CA1710016,KONOCTI HARBOR RESORT,NC,LAKE  ,59,NO,YES,YES,NO,surface water
CA1710018,LAKE COUNTY CSA 2 - SPRING VALLEY,C,LAKE  ,1601,NO,YES,YES,NO,surface water
CA1710021,LAKE COUNTY CSA 21 - NORTH LAKEPORT,C,LAKE  ,4145,NO,YES,YES,NO,surface water
CA1710022,LAKE COUNTY CSA 20 - SODA BAY,C,LAKE  ,2003,NO,YES,YES,NO,surface water
CA1810002,WESTWOOD C.S.D.,C,LASSEN  ,1662,NO,YES,YES,NO,surface water
CA1900007,CALIFORNIA CONSERVATION CAMP #14,C,LOS ANGELES  ,107,NO,YES,YES,NO,surface water
CA1900011,CAMP SCOTT AND SCUDDER,NTNC,LOS ANGELES  ,275,NO,YES,YES,NO,surface water
CA1900089,CAMPS MUNZ AND MENDENHALL,NTNC,LOS ANGELES  ,125,NO,YES,YES,NO,surface water
CA1900542,"LOS ANGELES, CITY OF - POWER PLANT #2",C,LOS ANGELES  ,44,NO,YES,YES,NO,surface water
CA1900555,"LOS ANGELES, CITY OF - POWER PLANT #1",C,LOS ANGELES  ,29,NO,YES,YES,NO,surface water
CA1900764,HENNINGER FLATS,NC,LOS ANGELES  ,53,NO,YES,YES,NO,surface water
CA1900901,FIRE SUPPRESSION CAMP #19,C,LOS ANGELES  ,125,NO,YES,YES,NO,surface water
CA1900904,ACTON CONSERVATION CAMP #11,NTNC,LOS ANGELES  ,90,NO,YES,YES,NO,surface water
CA1900937,USFS-PYRAMID LAKE S-14,NC,LOS ANGELES  ,30,NO,YES,YES,NO,surface water
CA1910006,SO. CAL. EDISON CO.-SANTA CATALINA,C,LOS ANGELES  ,4096,NO,YES,YES,YES,groundwater
CA1910007,AZUSA LIGHT AND WATER,C,LOS ANGELES  ,110044,NO,YES,YES,YES,groundwater
CA1910041,THREE VALLEYS MWD,C,LOS ANGELES  ,0,MAYBE,YES,YES,YES,surface water dominant
CA1910045,ANTELOPE VALLEY EAST KERN WATER AGENCY,C,LOS ANGELES  ,0,MAYBE,YES,YES,YES,groundwater dominant
CA1910048,SANTA CLARITA VALLEY W.A.-IMPORTED DIVIS,C,LOS ANGELES  ,0,NO,YES,YES,YES,surface water
CA1910056,LAKE ELIZABETH MUTUAL WATER CO.,C,LOS ANGELES  ,1790,NO,YES,YES,YES,surface water
CA1910063,LINCOLN AVENUE WATER CO.,C,LOS ANGELES  ,16126,MAYBE,YES,YES,YES,groundwater dominant
CA1910067,"LOS ANGELES-CITY, DEPT. OF WATER & POWER",C,LOS ANGELES  ,3868811,MAYBE,YES,YES,YES,purchased water dominant
CA1910079,"LYNWOOD-CITY, WATER DEPT.",C,LOS ANGELES  ,66967,NO,YES,YES,YES,groundwater
CA1910087,METROPOLITAN WATER DIST. OF SO. CAL.,C,LOS ANGELES  ,0,NO,YES,YES,NO,surface water
CA1910105,"PARAMOUNT - CITY, WATER DEPT.",C,LOS ANGELES  ,55200,YES,NO,YES,YES,groundwater
CA1910102,PALMDALE WATER DIST.,C,LOS ANGELES  ,126994,NO,YES,YES,YES,surface water
CA1910126,"POMONA - CITY, WATER DEPT.",C,LOS ANGELES  ,151713,MAYBE,YES,YES,YES,groundwater dominant
CA1910128,COVINA IRRIGATING CO.,C,LOS ANGELES  ,0,NO,YES,YES,YES,surface water
CA1910140,RUBIO CANON LAND & WATER ASSOCIATION,C,LOS ANGELES  ,9600,MAYBE,YES,YES,YES,groundwater dominant
CA1910225,LAS VIRGENES MWD,C,LOS ANGELES  ,72602,MAYBE,YES,YES,MAYBE,purchased water dominant
CA1910303,ANTELOPE VALLEY POPPY RESERVE STATE PARK,NC,LOS ANGELES  ,25007,NO,YES,YES,NO,surface water
CA1910443,"LOS ANGELES, CITY OF - CASTAIC PWR PLANT",NTNC,LOS ANGELES  ,65,NO,YES,YES,NO,surface water
CA1910604,"DWR. VISTA DEL LAGO VISITOR CTR,VAQUERRO",NC,LOS ANGELES  ,135,NO,YES,YES,NO,surface water
CA2000195,HIDDEN VIEW  HENSLEY LAKE,NC,MADERA  ,297,NO,YES,YES,NO,surface water
CA2000535,BEASORE MUTUAL WATER CO.,NC,MADERA  ,100,NO,YES,YES,NO,surface water
CA2000538,CEDAR VALLEY MUTUAL WATER CO,C,MADERA  ,137,NO,YES,YES,NO,surface water
CA2000542,MADERA CO SA02-WISHON COVE,NC,MADERA  ,230,NO,YES,YES,NO,surface water
CA2000544,MADERA CO MD1-HIDDEN LAKE ESTATES,C,MADERA  ,162,NO,YES,YES,NO,surface water
CA2000729,MADERA CO SA16 SUMNER HILL,C,MADERA  ,135,NO,YES,YES,NO,surface water
CA2000749,BUCK RIDGE HENSLEY LAKE,NC,MADERA  ,55,NO,YES,YES,NO,surface water
CA2010003,BASS LAKE WATER COMPANY,C,MADERA  ,4527,NO,YES,YES,YES,surface water
CA2010015,WP&A-FIREBAUGH WATER SYSTEM,NTNC,MADERA  ,428,NO,YES,YES,NO,surface water
CA2010017,"TESORO VIEJO MASTER MWC, INC.",C,MADERA  ,2640,NO,YES,YES,NO,surface water
CA2010300,MILLERTON SRA MEADOW TANK HILL,NC,MADERA  ,2506,NO,YES,YES,NO,surface water
CA2100519,ESTERO MUTUAL,C,MARIN  ,206,NO,YES,YES,YES,surface water
CA2100527,MARIN FRENCH CHEESE CO,NTNC,MARIN  ,143,NO,YES,YES,NO,surface water
CA2100565,GREEN GULCH FARM,C,MARIN  ,75,NO,YES,YES,YES,surface water
CA2100584,MCEVOY RANCH WATER SYSTEM,NTNC,MARIN  ,66,NO,YES,YES,NO,surface water
CA2110001,INVERNESS PUBLIC UTILITY DIST,C,MARIN  ,1445,NO,YES,YES,NO,surface water
CA2110002,MARIN MUNICIPAL WATER DISTRICT,C,MARIN  ,193937,MAYBE,YES,YES,MAYBE,surface water dominant
CA2110003,NORTH MARIN WATER DISTRICT,C,MARIN  ,61693,MAYBE,YES,YES,MAYBE,purchased water dominant
CA2110004,STINSON BEACH COUNTY WTR DIST,C,MARIN  ,600,NO,YES,YES,YES,groundwater
CA2110005,BOLINAS COMMUNITY PUD,C,MARIN  ,2483,NO,YES,YES,NO,surface water
CA2209063,MID - MC CLURE POINT REC AREA,NC,MARIPOSA  ,337,NO,YES,YES,NO,surface water
CA2209065,MID - MC SWAIN REC AREA,NC,MARIPOSA  ,324,NO,YES,YES,NO,surface water
CA2210001,MARIPOSA PUBLIC UTILITY DIST,C,MARIPOSA  ,2000,NO,YES,YES,YES,surface water
CA2210510,YOSEMITE NPS-WAWONA,C,MARIPOSA  ,150,NO,YES,YES,NO,surface water
CA2210905,"MCCLURE BOAT CLUB, INC.",C,MARIPOSA  ,286,NO,YES,YES,NO,surface water
CA2300514,ELK COUNTY WATER DISTRICT,C,MENDOCINO  ,380,NO,YES,YES,NO,surface water
CA2300541,HERITAGE HOUSE,NTNC,MENDOCINO  ,50,NO,YES,YES,NO,surface water
CA2300590,SURFWOOD MUTUAL WATER CORPORATION,C,MENDOCINO  ,160,NO,YES,YES,NO,surface water
CA2300591,PINE MOUNTAIN MUTUAL WATER CO.,C,MENDOCINO  ,310,NO,YES,YES,YES,surface water
CA2300610,CASPAR SOUTH SERVICE COMPANY,C,MENDOCINO  ,188,NO,YES,YES,NO,surface water
CA2300619,ALBION RIVER CAMPGROUND,NC,MENDOCINO  ,425,NO,YES,YES,NO,surface water
CA2300621,SEA ROCK INN,NC,MENDOCINO  ,54,NO,YES,YES,NO,surface water
CA2300663,BRANSCOMB MOBILE HOME PARK,C,MENDOCINO  ,42,NO,YES,YES,NO,surface water
CA2300708,RIDGEWOOD WATER SYSTEM,C,MENDOCINO  ,235,NO,YES,YES,YES,groundwater
CA2300730,WESTPORT COUNTY WATER DISTRICT,C,MENDOCINO  ,369,NO,YES,YES,NO,surface water
CA2300839,CAMP MENDOCINO,NC,MENDOCINO  ,321,NO,YES,YES,NO,surface water
CA2300847,WHALE GULCH SCHOOL,NTNC,MENDOCINO  ,60,NO,YES,YES,NO,surface water
CA2300858,BLACK OAK FACILITY,NC,MENDOCINO  ,200,NO,YES,YES,NO,surface water
CA2300873,CAMP NAVARRO,NC,MENDOCINO  ,284,NO,YES,YES,NO,surface water
CA2310001,"FORT BRAGG, CITY OF",C,MENDOCINO  ,6970,NO,YES,YES,NO,surface water
CA2310003,"UKIAH, CITY OF",C,MENDOCINO  ,16607,NO,YES,YES,YES,groundwater
CA2310004,"WILLITS, CITY OF",C,MENDOCINO  ,6175,NO,YES,YES,YES,surface water
CA2310007,NORTH GUALALA WATER COMPANY,C,MENDOCINO  ,2593,NO,YES,YES,YES,groundwater
CA2310008,REDWOOD VALLEY COUNTY WATER DISTRICT,C,MENDOCINO  ,5200,MAYBE,YES,YES,MAYBE,purchased water dominant
CA2310009,BROOKTRAILS TOWNSHIP CSD,C,MENDOCINO  ,3632,NO,YES,YES,NO,surface water
CA2310012,IRISH BEACH WATER DISTRICT,C,MENDOCINO  ,254,NO,YES,YES,YES,surface water
CA2310301,CSP-MACKERRICHER STATE PARK,NC,MENDOCINO  ,1416,MAYBE,YES,YES,MAYBE,surface water dominant
CA2310302,CSP-VAN DAMME STATE PARK,NC,MENDOCINO  ,2003,NO,YES,YES,NO,surface water
CA2310304,CSP-RUSSIAN GULCH STATE PARK,NC,MENDOCINO  ,30,NO,YES,YES,NO,surface water
CA2310310,CSP-STANDISH HICKEY STATE REC AREA,NC,MENDOCINO  ,503,NO,YES,YES,YES,surface water
CA2310312,CSP-WESTPORT STATE BEACH,NC,MENDOCINO  ,370,NO,YES,YES,NO,surface water
CA2310313,CSP-MENDOCINO WOODLANDS,NC,MENDOCINO  ,400,NO,YES,YES,NO,surface water
CA2310317,CSP-PT. CABRILLO LIGHT STATION SHP,NC,MENDOCINO  ,430,NO,YES,YES,NO,surface water
CA2310800,CDF-PARLIN FORK CONSERVATION CAMP,NTNC,MENDOCINO  ,120,NO,YES,YES,NO,surface water
CA2310801,CDF-CHAMBERLAIN CREEK CONSERVATION CAMP,NTNC,MENDOCINO  ,110,NO,YES,YES,YES,groundwater
CA2400085,FIREBAUGH TRAVEL PLAZA (SW),NC,MERCED  ,250,NO,YES,YES,NO,surface water
CA2400200,SAN JOAQUIN VALLEY NATIONAL CEMETERY,NTNC,MERCED  ,30,NO,YES,YES,NO,surface water
CA2400208,MERCEY SPRINGS SHELL,NC,MERCED  ,45,NO,YES,YES,NO,surface water
CA2410002,CITY OF DOS PALOS,C,MERCED  ,7452,NO,YES,YES,NO,surface water
CA2410018,SANTA NELLA COUNTY WATER DISTRICT,C,MERCED  ,2211,NO,YES,YES,YES,surface water
CA2410304,CDPR FOUR RIVERS DISTRICT-SAN LUIS CREEK,NC,MERCED  ,653,NO,YES,YES,NO,surface water
CA2410950,DWR - SAN LUIS DIVISION O&M,NTNC,MERCED  ,150,NO,YES,YES,NO,surface water
CA2600530,CRYSTAL CRAG WATER & DEVELOPMENT ASSOC.,NC,MONO  ,75,NO,YES,YES,NO,surface water
CA2600550,VIRGINIA CREEK SETTLEMENT,NC,MONO  ,47,NO,YES,YES,NO,surface water
CA2600727,HOT CREEK HATCHERY,NTNC,MONO  ,25,NO,YES,YES,NO,surface water
CA2610001,MAMMOTH CWD,C,MONO  ,8234,NO,YES,YES,YES,surface water
CA2610002,JUNE LAKE PUD VILLAGE,C,MONO  ,2763,NO,YES,YES,NO,surface water
CA2610004,JUNE LAKE PUD - DOWN CANYON,C,MONO  ,2810,NO,YES,YES,NO,surface water
CA2610005,LEE VINING PUBLIC UTILITY DISTRICT,C,MONO  ,672,NO,YES,YES,NO,surface water
CA2610300,CSP - BODIE SHP,NC,MONO  ,1021,NO,YES,YES,NO,surface water
CA2700575,EL CAMINO REAL WS #16,NC,MONTEREY  ,29,NO,YES,YES,NO,surface water
CA2700713,ROLLING HILLS RANCHO WA,C,MONTEREY  ,184,NO,YES,YES,YES,groundwater
CA2701184,SAN ANTONIO LAKE PARK SOUTH WS,NC,MONTEREY  ,653,NO,YES,YES,NO,surface water
CA2701254,CARMEL RIVIERA MWC,C,MONTEREY  ,584,NO,YES,YES,YES,surface water
CA2701257,CAL AM WATER COMPANY - GARRAPATA,C,MONTEREY  ,30,NO,YES,YES,NO,surface water
CA2701263,PARTINGTON MWC,C,MONTEREY  ,35,NO,YES,YES,NO,surface water
CA2701278,RANCHO CHAPARRAL MWC,C,MONTEREY  ,58,NO,YES,YES,NO,surface water
CA2701279,COASTLANDS MWS (POST CREEK),C,MONTEREY  ,129,NO,YES,YES,NO,surface water
CA2701280,NEPENTHE WS,C,MONTEREY  ,550,NO,YES,YES,YES,surface water
CA2701295,ESALEN INSTITUTE WS,C,MONTEREY  ,246,NO,YES,YES,NO,surface water
CA2701310,GORDA WS,NC,MONTEREY  ,50,NO,YES,YES,NO,surface water
CA2701325,SAN CLEMENTE RANCHO WS,NC,MONTEREY  ,90,NO,YES,YES,NO,surface water
CA2701446,LUCIA WS,NC,MONTEREY  ,50,NO,YES,YES,NO,surface water
CA2701658,ARROYO CENTER WC,C,MONTEREY  ,130,NO,YES,YES,NO,surface water
CA2701705,TASSAJARA SPRINGS WS,C,MONTEREY  ,150,NO,YES,YES,NO,surface water
CA2701731,BRANDON CREEK MWS,C,MONTEREY  ,41,NO,YES,YES,YES,groundwater
CA2702266,COAST GALLERY WS,NC,MONTEREY  ,100,NO,YES,YES,NO,surface water
CA2702322,CAPTAIN COOPER SCHOOL WS,NTNC,MONTEREY  ,95,NO,YES,YES,NO,surface water
CA2702323,DEETJEN'S BIG SUR INN WS,NTNC,MONTEREY  ,35,NO,YES,YES,NO,surface water
CA2702327,SOUTH COAST CENTER WS,NC,MONTEREY  ,40,NO,YES,YES,NO,surface water
CA2702328,VENTANA BIG SUR INN WS,C,MONTEREY  ,193,NO,YES,YES,YES,groundwater
CA2702373,PHENEGER CREEK WS,NTNC,MONTEREY  ,256,NO,YES,YES,NO,surface water
CA2702588,CANADA WOODS WC,C,MONTEREY  ,356,NO,YES,YES,YES,surface water
CA2710004,CAL AM WATER COMPANY - MONTEREY,C,MONTEREY  ,92450,NO,YES,YES,YES,groundwater
CA2800526,BERRYESSA ESTATES (LBRID),C,NAPA  ,498,NO,YES,YES,NO,surface water
CA2800543,CAPELL VALLEY ESTATES,C,NAPA  ,208,NO,YES,YES,NO,surface water
CA2801016,HESS WINERY,C,NAPA  ,250,NO,YES,YES,NO,surface water
CA2810001,HOWELL MOUNTAIN MUTUAL WATER COMPANY,C,NAPA  ,1498,NO,YES,YES,YES,surface water
CA2810002,"CALISTOGA, CITY OF",C,NAPA  ,5610,MAYBE,YES,YES,MAYBE,purchased water dominant
CA2810003,"NAPA, CITY OF",C,NAPA  ,85005,NO,YES,YES,NO,surface water
CA2810004,"ST. HELENA, CITY OF",C,NAPA  ,5386,MAYBE,YES,YES,YES,balanced portfolio
CA2810005,"AMERICAN CANYON, CITY OF",C,NAPA  ,20990,MAYBE,YES,YES,MAYBE,surface water dominant
CA2810008,VETERANS HOME OF CALIFORNIA,C,NAPA  ,3010,NO,YES,YES,NO,surface water
CA2810009,BERRYESSA PINES WATER SYSTEM,C,NAPA  ,261,NO,YES,YES,NO,surface water
CA2810013,BERRYESSA HIGHLANDS,C,NAPA  ,669,NO,YES,YES,NO,surface water
CA2810014,SPANISH FLAT WATER DISTRICT,C,NAPA  ,230,NO,YES,YES,NO,surface water
CA2810650,U.S. BUREAU OF RECLAMATION-LK. BERRYESSA,NC,NAPA  ,37,NO,YES,YES,NO,surface water
CA2900502,FLORISTON WATER SYSTEM,C,NEVADA  ,110,NO,YES,YES,NO,surface water
CA2900523,WASHINGTON WATER DISTRICT,C,NEVADA  ,330,NO,YES,YES,NO,surface water
CA2900563,BITNEY SPRINGS CENTER WATER SYSTEM,NTNC,NEVADA  ,536,NO,YES,YES,NO,surface water
CA2910001,CITY OF GRASS VALLEY,C,NEVADA  ,4947,MAYBE,YES,YES,MAYBE,surface water dominant
CA2910002,CITY OF NEVADA CITY,C,NEVADA  ,3148,NO,YES,YES,NO,surface water
CA2910004,"NEVADA ID - E. GEORGE, BANNER MOUNTAIN",C,NEVADA  ,17154,NO,YES,YES,NO,surface water
CA2910006,NEVADA ID - LOMA RICA,C,NEVADA  ,14072,MAYBE,YES,YES,MAYBE,surface water dominant
CA2910014,NEVADA ID - LAKE OF PINES,C,NEVADA  ,6870,MAYBE,YES,YES,MAYBE,purchased water dominant
CA2910016,DONNER SUMMIT PUBLIC UTILITY DISTRICT,C,NEVADA  ,310,NO,YES,YES,NO,surface water
CA2910023,NEVADA ID - LAKE WILDWOOD,C,NEVADA  ,9108,NO,YES,YES,NO,surface water
CA3010001,CITY OF ANAHEIM,C,ORANGE  ,341245,MAYBE,YES,YES,YES,purchased water dominant
CA3010082,SERRANO WATER DISTRICT,C,ORANGE  ,5773,MAYBE,YES,YES,YES,groundwater dominant
CA3010092,IRVINE RANCH WATER DISTRICT,C,ORANGE  ,468941,MAYBE,YES,YES,YES,groundwater dominant
CA3010094,TRABUCO CANYON WATER DISTRICT,C,ORANGE  ,13659,YES,YES,YES,NO,surface water
CA3100038,HEATHER GLEN COMMUNITY SERVICE DIST,C,PLACER  ,250,NO,YES,YES,NO,surface water
CA3100040,SHADY GLEN COMM WATER SYSTEM,C,PLACER  ,200,NO,YES,YES,NO,surface water
CA3100041,ALPINE MEADOWS PROPERTY OWNERS ASSO,C,PLACER  ,250,NO,YES,YES,NO,surface water
CA3100058,DUTCH FLAT MUTUAL,C,PLACER  ,350,NO,YES,YES,NO,surface water
CA3103288,SNOWFLOWER,NC,PLACER  ,245,NO,YES,YES,NO,surface water
CA3104449,CAMP WINTHERS,NC,PLACER  ,100,NO,YES,YES,NO,surface water
CA3110001,NORTH TAHOE PUD - MAIN,C,PLACER  ,6321,NO,YES,YES,YES,surface water
CA3110003,FORESTHILL PUBLIC UTILITY DIST,C,PLACER  ,6700,NO,YES,YES,NO,surface water
CA3110005,PLACER CWA - AUBURN/BOWMAN,C,PLACER  ,26267,NO,YES,YES,NO,surface water
CA3110006,PLACER CWA - COLFAX,C,PLACER  ,3114,NO,YES,YES,NO,surface water
CA3110008,CITY OF ROSEVILLE,C,PLACER  ,149859,MAYBE,YES,YES,YES,surface water dominant
CA3110009,MEADOW VISTA CWD,C,PLACER  ,5250,NO,YES,YES,NO,surface water
CA3110012,AGATE BAY WATER COMPANY,C,PLACER  ,2500,NO,YES,YES,YES,groundwater
CA3110017,SIERRA LAKES COUNTY WATER DIST,C,PLACER  ,813,NO,YES,YES,NO,surface water
CA3110024,PLACER CWA - ALTA,C,PLACER  ,700,NO,YES,YES,NO,surface water
CA3110025,PLACER CWA - FOOTHILL,C,PLACER  ,89008,NO,YES,YES,YES,groundwater
CA3110026,NEVADA ID - NORTH AUBURN,C,PLACER  ,6870,NO,YES,YES,NO,surface water
CA3110028,NORTHSTAR C.S.D.,C,PLACER  ,15428,NO,YES,YES,YES,surface water
CA3110034,CHRISTIAN VALLEY PARK CSD,C,PLACER  ,1800,NO,YES,YES,NO,surface water
CA3110035,PCWA - WEIMAR,C,PLACER  ,1500,NO,YES,YES,NO,surface water
CA3110050,PLACER CWA - APPLEGATE,C,PLACER  ,180,NO,YES,YES,NO,surface water
CA3110124,PLACER CWA - MONTE VISTA,C,PLACER  ,34,NO,YES,YES,NO,surface water
CA3200018,#N/A,#N/A,#N/A,#N/A,NO,YES,YES,NO,surface water
CA3200097,CAMP TIMBERWOLF,NC,PLUMAS  ,90,NO,YES,YES,NO,surface water
CA3200102,WHITEHAWK RANCH MWC,C,PLUMAS  ,765,NO,YES,YES,NO,surface water
CA3200172,ASSOCIATIONS OF THOMPSON LAKE,NC,PLUMAS  ,182,NO,YES,YES,NO,surface water
CA3200505,JOHNSVILLE PUBLIC UTILITY DIST,NC,PLUMAS  ,28,NO,YES,YES,NO,surface water
CA3210003,CITY OF PORTOLA,C,PLUMAS  ,2100,NO,YES,YES,YES,groundwater
CA3210005,GRAEAGLE WATER COMPANY,C,PLUMAS  ,737,NO,YES,YES,NO,surface water
CA3301031,BANNING HTS. MUTUAL WATER CO.,C,RIVERSIDE  ,552,NO,YES,YES,YES,surface water
CA3301075,"CALTRANS, CACTUS CITY REST AREA",NC,RIVERSIDE  ,6800,NO,YES,YES,NO,surface water
CA3301115,CHIRIACO SUMMIT WATER DIST.,C,RIVERSIDE  ,1078,NO,YES,YES,NO,surface water
CA3301226,MWD - EAGLE MOUNTAIN,C,RIVERSIDE  ,#N/A,NO,YES,YES,NO,surface water
CA3310005,DESERT WATER AGENCY,C,RIVERSIDE  ,73224,NO,YES,YES,YES,groundwater
CA3310009,EASTERN MUNICIPAL WD,C,RIVERSIDE  ,637387,YES,YES,YES,YES,surface water
CA3310037,"CORONA, CITY OF",C,RIVERSIDE  ,168751,YES,YES,YES,YES,surface water
CA3310040,FERN VALLEY WD,C,RIVERSIDE  ,900,NO,YES,YES,YES,surface water
CA3410004,CARMICHAEL WATER DISTRICT,C,SACRAMENTO  ,41193,NO,YES,YES,YES,groundwater
CA3410005,RANCHO MURIETA COMMUNITY SERVI,C,SACRAMENTO  ,5874,NO,YES,YES,NO,surface water
CA3410014,"FOLSOM, CITY OF - MAIN",C,SACRAMENTO  ,75728,NO,YES,YES,NO,surface water
CA3410015,GOLDEN STATE WATER CO. - CORDOVA,C,SACRAMENTO  ,47060,MAYBE,YES,YES,YES,balanced portfolio
CA3410021,SAN JUAN WATER DISTRICT,C,SACRAMENTO  ,28971,NO,YES,YES,NO,surface water
CA3410029,SCWA - LAGUNA/VINEYARD,C,SACRAMENTO  ,176926,MAYBE,YES,YES,YES,groundwater dominant
CA3410032,FOLSOM STATE PRISON,C,SACRAMENTO  ,4730,NO,YES,YES,NO,surface water
CA3410704,SCWA MATHER-SUNRISE,C,SACRAMENTO  ,25988,YES,YES,YES,YES,groundwater
CA3500006,CSA NO. 31 STONEGATE WS,C,SAN BENITO  ,252,NO,YES,YES,YES,groundwater
CA3500537,ST. FRANCIS RETREAT CENTER,NC,SAN BENITO  ,45,MAYBE,YES,YES,MAYBE,surface water dominant
CA3500823,BEST ROAD MWC,C,SAN BENITO  ,133,NO,YES,YES,YES,groundwater
CA3510001,"HOLLISTER, CITY OF",C,SAN BENITO  ,23358,YES,YES,YES,YES,groundwater
CA3510007,SAN BENITO COUNTY WATER DISTRICT,C,SAN BENITO  ,25,NO,YES,YES,NO,surface water
CA3600365,RIVERLAND RESORT,NC,SAN BERNARDINO  ,615,NO,YES,YES,NO,surface water
CA3600370,WINDMILL RESORT,NC,SAN BERNARDINO  ,530,NO,YES,YES,NO,surface water
CA3600376,BIG BEND RESORT,NC,SAN BERNARDINO  ,655,NO,YES,YES,NO,surface water
CA3600382,MWD OF SO CAL IRON MOUNTAIN,C,SAN BERNARDINO  ,31,NO,YES,YES,NO,surface water
CA3600383,MWD OF SO CAL GENE PLANT,C,SAN BERNARDINO  ,103,NO,YES,YES,NO,surface water
CA3600400,APPLE VALLEY VILLAGE MHE,C,SAN BERNARDINO  ,180,NO,YES,YES,YES,groundwater
CA3600530,YMCA CAMP ARBOLADO,NC,SAN BERNARDINO  ,231,NO,YES,YES,NO,surface water
CA3600538,CAMP CEDAR FALLS,NC,SAN BERNARDINO  ,205,NO,YES,YES,NO,surface water
CA3600770,CRAZZY'S WASEWAGAN CAMP,NC,SAN BERNARDINO  ,198,NO,YES,YES,NO,surface water
CA3600772,UCLA UNICAMP - CAMP RIVER GLEN,#N/A,SAN BERNARDINO  ,268,NO,YES,YES,NO,surface water
CA3601048,BARTON FLATS WATER SYSTEM,C,SAN BERNARDINO  ,1070,NO,YES,YES,NO,surface water
CA3601128,EMPIRE LANDING CAMPGROUND-SUNDANCE RV,NC,SAN BERNARDINO  ,126,NO,YES,YES,NO,surface water
CA3610004,WEST VALLEY WATER DISTRICT,C,SAN BERNARDINO  ,98055,MAYBE,YES,YES,YES,groundwater dominant
CA3610005,LAKE ARROWHEAD CSD,C,SAN BERNARDINO  ,7008,MAYBE,YES,YES,YES,surface water dominant
CA3610006,WATER FACILITIES AUTHORITY-JPA,C,SAN BERNARDINO  ,0,NO,YES,YES,NO,surface water
CA3610012,"CHINO, CITY OF",C,SAN BERNARDINO  ,84560,YES,YES,YES,YES,surface water
CA3610017,HAVASU WC,#N/A,SAN BERNARDINO  ,361,NO,YES,YES,NO,surface water
CA3610018,CUCAMONGA VALLEY WATER DISTRICT,C,SAN BERNARDINO  ,202248,MAYBE,YES,YES,YES,groundwater dominant
CA3610037,REDLANDS CITY MUD-WATER DIV,C,SAN BERNARDINO  ,78025,NO,YES,YES,YES,groundwater
CA3610038,"RIALTO, CITY OF",C,SAN BERNARDINO  ,54453,YES,YES,YES,YES,groundwater
CA3610041,SAN GABRIEL VALLEY WC - FONTANA,C,SAN BERNARDINO  ,237300,MAYBE,YES,YES,YES,groundwater dominant
CA3610050,"UPLAND, CITY OF",C,SAN BERNARDINO  ,78376,NO,YES,YES,YES,groundwater
CA3610055,YUCAIPA VALLEY WATER DISTRICT,C,SAN BERNARDINO  ,51900,NO,YES,YES,YES,groundwater
CA3610064,EAST VALLEY WATER DISTRICT,C,SAN BERNARDINO  ,103840,NO,YES,YES,YES,groundwater
CA3610114,CLAWA,C,SAN BERNARDINO  ,2320,NO,YES,YES,NO,surface water
CA3700846,AGUA CALIENTE COUNTY PARK,NC,SAN DIEGO  ,400,NO,YES,YES,NO,surface water
CA3700919,LAKE WOHLFORD RESORT,C,SAN DIEGO  ,250,NO,YES,YES,NO,surface water
CA3710006,"ESCONDIDO, CITY OF",C,SAN DIEGO  ,137941,NO,YES,YES,NO,surface water
CA3710010,HELIX WATER DISTRICT,C,SAN DIEGO  ,277418,MAYBE,YES,YES,YES,surface water dominant
CA3710014,"OCEANSIDE, CITY OF",C,SAN DIEGO  ,173048,YES,YES,YES,YES,surface water
CA3710015,"POWAY, CITY OF",C,SAN DIEGO  ,49779,NO,YES,YES,NO,surface water
CA3710020,"SAN DIEGO, CITY OF",C,SAN DIEGO  ,1374790,MAYBE,YES,YES,YES,surface water dominant
CA3710023,SANTA FE I.D.,C,SAN DIEGO  ,21539,MAYBE,YES,YES,MAYBE,surface water dominant
CA3710025,SWEETWATER AUTHORITY,C,SAN DIEGO  ,189371,MAYBE,YES,YES,YES,balanced portfolio
CA3710029,OLIVENHAIN MWD,C,SAN DIEGO  ,86614,MAYBE,YES,YES,MAYBE,surface water dominant
CA3710042,SAN DIEGO COUNTY WATER AUTHORITY,C,SAN DIEGO  ,0,MAYBE,YES,YES,MAYBE,purchased water dominant
CA3710045,POSEIDON RESOURCES - CDP,C,SAN DIEGO  ,0,NO,YES,YES,NO,surface water
CA3710311,CUYAMACA SP - PASO PICACHO,NC,SAN DIEGO  ,691,NO,YES,YES,NO,surface water
CA3810001,SAN FRANCISCO REGIONAL WATER SYSTEM,C,SAN FRANCISCO  ,600,NO,YES,YES,NO,surface water
CA3810003,HHW&P MOCCASIN COMPOUND-SFPUC,C,SAN FRANCISCO  ,344,NO,YES,YES,NO,surface water
CA3810005,HHW&P-O'SHAUGHNESSY DAM CPD-SFPUC,NC,SAN FRANCISCO  ,302,NO,YES,YES,NO,surface water
CA3810006,HHW&P-EARLY INTAKE CPD-SFPUC,NC,SAN FRANCISCO  ,28,NO,YES,YES,NO,surface water
CA3810700,PRESIDIO OF SAN FRANCISCO,C,SAN FRANCISCO  ,3500,MAYBE,YES,YES,MAYBE,surface water dominant
CA3910004,"LODI, CITY OF",C,SAN JOAQUIN  ,68272,NO,YES,YES,YES,groundwater
CA3910006,STOCKTON EAST WATER DISTRICT,C,SAN JOAQUIN  ,50,NO,YES,YES,YES,surface water
CA3910011,"TRACY, CITY OF",C,SAN JOAQUIN  ,94538,MAYBE,YES,YES,YES,purchased water dominant
CA3910012,CITY OF STOCKTON,C,SAN JOAQUIN  ,183046,MAYBE,YES,YES,YES,purchased water dominant
CA3910022,LITTLE POTATO SLOUGH MUTUAL,C,SAN JOAQUIN  ,1510,NO,YES,YES,NO,surface water
CA3910027,MOUNTAIN HOUSE COMMUNITY SERVICES DIST.,C,SAN JOAQUIN  ,24040,NO,YES,YES,NO,surface water
CA4000589,PG&E,NTNC,SAN LUIS OBISPO  ,1200,NO,YES,YES,NO,surface water
CA4000590,COUNTY OF MONTEREY-LAKE NACIMIENTO,NTNC,SAN LUIS OBISPO  ,1521,NO,YES,YES,NO,surface water
CA4000652,"NORTHSHORE S & B, INC",NC,SAN LUIS OBISPO  ,51,NO,YES,YES,NO,surface water
CA4000684,RAGGED POINT INN,NTNC,SAN LUIS OBISPO  ,100,NO,YES,YES,YES,surface water
CA4010002,ATASCADERO MUTUAL WATER CO,C,SAN LUIS OBISPO  ,30457,NO,YES,YES,YES,surface water
CA4010005,OCEANO COMM SERVICES DIST.,C,SAN LUIS OBISPO  ,7601,NO,YES,YES,YES,surface water
CA4010007,PASO ROBLES WATER DEPARTMENT,C,SAN LUIS OBISPO  ,31221,NO,YES,YES,YES,groundwater
CA4010008,PISMO BEACH WATER DEPARTMENT,C,SAN LUIS OBISPO  ,8036,NO,YES,YES,YES,surface water
CA4010009,SAN LUIS OBISPO WATER DEPARTMENT,C,SAN LUIS OBISPO  ,47653,NO,YES,YES,NO,surface water
CA4010012,HERITAGE RANCH CSD,C,SAN LUIS OBISPO  ,2981,NO,YES,YES,NO,surface water
CA4010022,LOPEZ PROJECT,C,SAN LUIS OBISPO  ,0,MAYBE,YES,YES,MAYBE,surface water dominant
CA4010025,SLO CWD NO. 10 - CAYUCOS WTP,C,SAN LUIS OBISPO  ,0,NO,YES,YES,YES,surface water
CA4010027,NACIMIENTO WATER COMPANY,C,SAN LUIS OBISPO  ,2181,NO,YES,YES,NO,surface water
CA4010300,HEARST MONUMENT STATE PARK,NTNC,SAN LUIS OBISPO  ,200,NO,YES,YES,NO,surface water
CA4010830,CALIFORNIA MENS COLONY,C,SAN LUIS OBISPO  ,15000,MAYBE,YES,YES,MAYBE,purchased water dominant
CA4100502,UC ELKUS RANCH,NC,SAN MATEO  ,66,NO,YES,YES,NO,surface water
CA4100503,BUTANO CANYON MUTUAL,C,SAN MATEO  ,150,NO,YES,YES,NO,surface water
CA4100509,COUNTY SERVICE AREA 7,C,SAN MATEO  ,300,NO,YES,YES,NO,surface water
CA4100510,REDWOOD TERRACE MUTUAL,C,SAN MATEO  ,56,NO,YES,YES,YES,groundwater
CA4100512,LOMA MAR MUTUAL,C,SAN MATEO  ,65,NO,YES,YES,NO,surface water
CA4100515,MARTINS BEACH WATER SYSTEM,NC,SAN MATEO  ,49,NO,YES,YES,NO,surface water
CA4100522,REDWOOD GLEN CAMP & CONFERENCE CTR,C,SAN MATEO  ,68,NO,YES,YES,NO,surface water
CA4100523,BUTANO GIRL SCOUT CAMP,NC,SAN MATEO  ,29,NO,YES,YES,NO,surface water
CA4100527,CSP - PORTOLA STATE PARK,NC,SAN MATEO  ,170,NO,YES,YES,NO,surface water
CA4100529,CAMP LOMA MAR,C,SAN MATEO  ,187,NO,YES,YES,NO,surface water
CA4100536,SAN MATEO COUNTY MEMORIAL PARK,NC,SAN MATEO  ,1790,NO,YES,YES,NO,surface water
CA4110006,CALIFORNIA WATER SERVICE - BEAR GULCH,C,SAN MATEO  ,60903,MAYBE,YES,YES,MAYBE,purchased water dominant
CA4110010,MONTARA WATER AND SANITARY DISTRICT,C,SAN MATEO  ,5298,NO,YES,YES,YES,groundwater
CA4110011,COASTSIDE COUNTY WATER DISTRICT,C,SAN MATEO  ,18789,NO,YES,YES,YES,surface water
CA4110012,CUESTA LA HONDA GUILD INC,C,SAN MATEO  ,832,NO,YES,YES,NO,surface water
CA4200577,COLD SPRING TAVERN,NC,SANTA BARBARA  ,100,NO,YES,YES,NO,surface water
CA4200580,SAN MARCOS MUTUAL WATER COMPANY,C,SANTA BARBARA  ,120,NO,YES,YES,YES,surface water
CA4200721,NAPLES,C,SANTA BARBARA  ,66,NO,YES,YES,NO,surface water
CA4200725,GAVIOTA OIL HEATING FACILITY,NTNC,SANTA BARBARA  ,25,NO,YES,YES,NO,surface water
CA4200818,CIRCLE V RANCH CAMP,NC,SANTA BARBARA  ,175,NO,YES,YES,NO,surface water
CA4200826,RANCHO ALEGRE,NC,SANTA BARBARA  ,500,NO,YES,YES,YES,groundwater
CA4200830,ZACA LAKE RETREAT,NC,SANTA BARBARA  ,100,NO,YES,YES,NO,surface water
CA4200911,LAKE CACHUMA COUNTY PARK,NC,SANTA BARBARA  ,1000,NO,YES,YES,NO,surface water
CA4200938,SANFORD WINERY,NC,SANTA BARBARA  ,25,NO,YES,YES,NO,surface water
CA4210004,GOLETA WATER DISTRICT,C,SANTA BARBARA  ,84462,MAYBE,YES,YES,YES,surface water dominant
CA4210006,LOMPOC-CITY WATER UTILITY DIV,C,SANTA BARBARA  ,41079,NO,YES,YES,YES,groundwater
CA4210007,MONTECITO WATER DIST,C,SANTA BARBARA  ,11881,MAYBE,YES,YES,YES,purchased water dominant
CA4210010,CITY OF SANTA BARBARA WATER DEPARTMENT,C,SANTA BARBARA  ,98420,NO,YES,YES,YES,surface water
CA4210030,CENTRAL COAST WATER AUTHORITY,C,SANTA BARBARA  ,0,NO,YES,YES,NO,surface water
CA4210305,LAS CRUCES STATE PARK,NC,SANTA BARBARA  ,306,NO,YES,YES,NO,surface water
CA4300516,ALDERCROFT HEIGHTS COUNTY WATER DISTRICT,C,SANTA CLARA  ,338,NO,YES,YES,NO,surface water
CA4300517,CHEMEKETA PARK MUTUAL WATER COMPANY,C,SANTA CLARA  ,346,NO,YES,YES,NO,surface water
CA4300520,RAINERI MUTUAL WATER COMPANY,C,SANTA CLARA  ,145,NO,YES,YES,NO,surface water
CA4300522,LAKE CANYON MUTUAL WATER COMPANY,C,SANTA CLARA  ,156,NO,YES,YES,NO,surface water
CA4300716,LUPIN LODGE,C,SANTA CLARA  ,300,NO,YES,YES,NO,surface water
CA4300766,"SARATOGA SPRINGS, INC.",NC,SANTA CLARA  ,180,NO,YES,YES,NO,surface water
CA4300834,CAMP SARATOGA,C,SANTA CLARA  ,450,NO,YES,YES,NO,surface water
CA4300909,LICK OBSERVATORY-UCSC,C,SANTA CLARA  ,284,NO,YES,YES,NO,surface water
CA4300986,CINNABAR HILLS GOLF CLUB,NTNC,SANTA CLARA  ,500,NO,YES,YES,YES,surface water
CA4310011,SAN JOSE WATER,C,SANTA CLARA  ,1007514,MAYBE,YES,YES,YES,purchased water dominant
CA4310014,CITY OF SUNNYVALE,C,SANTA CLARA  ,155567,NO,YES,YES,YES,surface water
CA4310027,SANTA CLARA VALLEY WATER DISTRICT,C,SANTA CLARA  ,0,NO,YES,YES,NO,surface water
CA4400528,LAUREL COMMUNITY LEAGUE,C,SANTA CRUZ  ,64,NO,YES,YES,NO,surface water
CA4400559,SUMMIT MUTUAL WATER COMPANY,C,SANTA CRUZ  ,152,NO,YES,YES,NO,surface water
CA4400571,DAVENPORT COUNTY SANITATION,C,SANTA CRUZ  ,350,NO,YES,YES,NO,surface water
CA4400621,RIVER GROVE MUTUAL WATER ASSN,C,SANTA CRUZ  ,54,NO,YES,YES,NO,surface water
CA4400631,LAS CUMBRES MUTUAL WATER CO,C,SANTA CRUZ  ,402,NO,YES,YES,YES,surface water
CA4400642,CATHEDRAL WOOD MUTUAL WATER COMPANY,C,SANTA CRUZ  ,60,NO,YES,YES,YES,surface water
CA4400701,QUAKER CENTER,NC,SANTA CRUZ  ,25,NO,YES,YES,NO,surface water
CA4400715,HIDDEN FALLS GIRL SCOUT CAMP,NC,SANTA CRUZ  ,150,NO,YES,YES,NO,surface water
CA4400801,LOCKHEED MARTIN SPACE SYSTEMS,NTNC,SANTA CRUZ  ,92,MAYBE,YES,YES,MAYBE,surface water dominant
CA4410002,SLVWD - FELTON WATER SYSTEM,C,SANTA CRUZ  ,4340,MAYBE,YES,YES,YES,surface water dominant
CA4410010,SANTA CRUZ WATER DEPARTMENT,C,SANTA CRUZ  ,95939,NO,YES,YES,YES,surface water
CA4410014,SAN LORENZO VALLEY WATER DIST,C,SANTA CRUZ  ,21145,MAYBE,YES,YES,YES,groundwater dominant
CA4500014,LAKESHORE HEIGHTS MUTUAL WATER,C,SHASTA  ,264,NO,YES,YES,NO,surface water
CA4500015,"SHASTA CSA - CASTELLA, #3",C,SHASTA  ,252,NO,YES,YES,NO,surface water
CA4500022,DEL ORO WATER CO. - HAT CREEK DISTRICT,C,SHASTA  ,211,NO,YES,YES,NO,surface water
CA4500023,HAT CREEK HIGHLANDS MUTUAL WATER CO,C,SHASTA  ,88,NO,YES,YES,NO,surface water
CA4500028,"SHASTA CSA - CRAGVIEW, #23",C,SHASTA  ,218,NO,YES,YES,NO,surface water
CA4500063,CEDAR CREEK MOBILEHOME PARK,C,SHASTA  ,40,NO,YES,YES,NO,surface water
CA4500072,"HAT CREEK RESORT & RV PARK, LLC",NC,SHASTA  ,170,NO,YES,YES,NO,surface water
CA4500237,SWEET BRIAR CAMP,NC,SHASTA  ,70,NO,YES,YES,NO,surface water
CA4500271,USFS - JENN/ELLERY/PPT/MCCLOUD,NC,SHASTA  ,100,NO,YES,YES,NO,surface water
CA4500317,"SHASTA CSA - FRENCH GULCH, #11",C,SHASTA  ,277,NO,YES,YES,NO,surface water
CA4510002,MOUNTAIN GATE C.S.D.,C,SHASTA  ,2227,NO,YES,YES,YES,surface water
CA4510004,"SHASTA CSA - JONES VALLEY, #6",C,SHASTA  ,1119,NO,YES,YES,NO,surface water
CA4510005,CITY OF REDDING,C,SHASTA  ,87741,NO,YES,YES,YES,surface water
CA4510006,CITY OF SHASTA LAKE,C,SHASTA  ,10657,NO,YES,YES,NO,surface water
CA4510011,CENTERVILLE C.S.D.,C,SHASTA  ,4211,NO,YES,YES,NO,surface water
CA4510013,SHASTA C.S.D.,C,SHASTA  ,1584,NO,YES,YES,NO,surface water
CA4510014,BELLA VISTA WATER DISTRICT,C,SHASTA  ,18612,MAYBE,YES,YES,YES,surface water dominant
CA4510016,CLEAR CREEK CSD-ANDERSON,C,SHASTA  ,8900,NO,YES,YES,YES,surface water
CA4510503,WHISKEYTOWN NRA-CARR MEMORIAL,NC,SHASTA  ,146,NO,YES,YES,NO,surface water
CA4510506,WHISKEYTOWN NRA-HEADQUARTERS,NTNC,SHASTA  ,594,NO,YES,YES,NO,surface water
CA4600094,SARDINE LAKE RESORT,NC,SIERRA  ,200,NO,YES,YES,NO,surface water
CA4610002,DOWNIEVILLE PUBLIC U.D.,C,SIERRA  ,783,NO,YES,YES,NO,surface water
CA4700501,LAKE SISKIYOU CAMPGROUND,NC,SISKIYOU  ,1800,NO,YES,YES,NO,surface water
CA4700503,CALLAHAN WATER DISTRICT,C,SISKIYOU  ,70,NO,YES,YES,NO,surface water
CA4700554,CALTRANS-COLLIER REST STOP,NC,SISKIYOU  ,1400,NO,YES,YES,NO,surface water
CA4710004,"ETNA, CITY OF",C,SISKIYOU  ,720,NO,YES,YES,NO,surface water
CA4710007,"MONTAGUE, CITY OF",C,SISKIYOU  ,1495,NO,YES,YES,NO,surface water
CA4710011,"YREKA, CITY OF",C,SISKIYOU  ,7746,NO,YES,YES,NO,surface water
CA4710012,HAPPY CAMP C.S.D.,C,SISKIYOU  ,1100,NO,YES,YES,NO,surface water
CA4810001,CITY OF BENICIA,C,SOLANO  ,28000,NO,YES,YES,NO,surface water
CA4810003,CITY OF FAIRFIELD,C,SOLANO  ,119897,MAYBE,YES,YES,MAYBE,surface water dominant
CA4810005,SUISUN-SOLANO WATER AUTHORITY,C,SOLANO  ,29530,NO,YES,YES,NO,surface water
CA4810007,CITY OF VALLEJO,C,SOLANO  ,126090,NO,YES,YES,NO,surface water
CA4810008,CITY OF VACAVILLE,C,SOLANO  ,97155,MAYBE,YES,YES,YES,purchased water dominant
CA4810010,SID - GIBSON CANYON,C,SOLANO  ,535,NO,YES,YES,NO,surface water
CA4810015,TRAVIS AFB WTP - VALLEJO,C,SOLANO  ,3,NO,YES,YES,NO,surface water
CA4810021,CITY OF VALLEJO-LAKES SYSTEM,C,SOLANO  ,2800,MAYBE,YES,YES,MAYBE,surface water dominant
CA4810025,SID - PLEASANT HILLS RANCH,C,SOLANO  ,89,NO,YES,YES,NO,surface water
CA4810800,CALIFORNIA STATE PRISON - SOLANO,C,SOLANO  ,5100,MAYBE,YES,YES,MAYBE,surface water dominant
CA4900532,SONOMA COUNTY CSA 41-JENNER,C,SONOMA  ,406,NO,YES,YES,NO,surface water
CA4900543,SONOMA COUNTY CSA 41-SALMON CREEK,C,SONOMA  ,427,NO,YES,YES,NO,surface water
CA4900549,SONOMA COUNTY CSA 41-FREESTONE,C,SONOMA  ,290,NO,YES,YES,YES,groundwater
CA4900584,TIMBER COVE COUNTY WATER DISTRICT,C,SONOMA  ,271,NO,YES,YES,NO,surface water
CA4900644,BRIDGEHAVEN PARK,C,SONOMA  ,70,NO,YES,YES,NO,surface water
CA4900680,HORICON SCHOOL,NTNC,SONOMA  ,100,NO,YES,YES,NO,surface water
CA4900722,URJ CAMP NEWMAN,NC,SONOMA  ,705,NO,YES,YES,NO,surface water
CA4900850,BODEGA WATER COMPANY,C,SONOMA  ,77,NO,YES,YES,YES,surface water
CA4901030,CALPINE (GEYSERS ADMINISTRATION CENTER),NTNC,SONOMA  ,150,NO,YES,YES,NO,surface water
CA4901080,SPEEDWAY SONOMA LLC,NTNC,SONOMA  ,33,MAYBE,YES,YES,YES,purchased water dominant
CA4901095,WESTMINSTER WOODS CAMP,NTNC,SONOMA  ,167,NO,YES,YES,NO,surface water
CA4901106,CATHOLIC CHARITIES - CYO CAMP,NC,SONOMA  ,250,NO,YES,YES,NO,surface water
CA4901112,LAKE SONOMA MARINA,NC,SONOMA  ,51,NO,YES,YES,NO,surface water
CA4901203,ASTI WINERY,NTNC,SONOMA  ,98,NO,YES,YES,YES,groundwater
CA4901264,RATNA LING RETREAT,NTNC,SONOMA  ,55,NO,YES,YES,YES,groundwater
CA4901403,SBRAGIA WINERY,NC,SONOMA  ,68,NO,YES,YES,NO,surface water
CA4910002,"CLOVERDALE, CITY OF",C,SONOMA  ,10557,NO,YES,YES,NO,surface water
CA4910005,"HEALDSBURG, CITY OF",C,SONOMA  ,11174,NO,YES,YES,YES,surface water
CA4910308,CSP-WRIGHTS BEACH STATE PARK,NC,SONOMA  ,500,NO,YES,YES,NO,surface water
CA4910313,CSP-GOAT ROCK STATE BEACH,NC,SONOMA  ,400,NO,YES,YES,NO,surface water
CA5000008,KNIGHTS FERRY COMM. SVC. DIST.,C,STANISLAUS  ,168,NO,YES,YES,NO,surface water
CA5000010,TID/ LA GRANGE WATER SYSTEM,C,STANISLAUS  ,195,NO,YES,YES,NO,surface water
CA5010010,"MODESTO, CITY OF",C,STANISLAUS  ,218771,NO,YES,YES,YES,groundwater
CA5010038,MODESTO IRRIGATION DISTRICT,C,STANISLAUS  ,18,NO,YES,YES,NO,surface water
CA5010039,WESTERN HILLS WATER DISTRICT/DIABLO GRAN,C,STANISLAUS  ,2000,NO,YES,YES,NO,surface water
CA5010040,SOUTH SAN JOAQUIN IRRIGATION DISTRICT,C,STANISLAUS  ,0,NO,YES,YES,NO,surface water
CA5110002,CITY OF YUBA CITY,C,SUTTER  ,75322,NO,YES,YES,NO,surface water
CA5200503,MINERAL COUNTY WATER DISTRICT,C,TEHAMA  ,634,NO,YES,YES,YES,groundwater
CA5200534,PASKENTA COMM. SERVICES DIST.,C,TEHAMA  ,244,NO,YES,YES,NO,surface water
CA5210500,LASSEN VNP - BUTTE LAKE,NC,TEHAMA  ,240,NO,YES,YES,NO,surface water
CA5210501,LASSEN VNP - SOUTHWEST/CHALET,NC,TEHAMA  ,145,NO,YES,YES,NO,surface water
CA5210503,LASSEN VNP - HEADQUARTERS,NTNC,TEHAMA  ,69,NO,YES,YES,NO,surface water
CA5210504,LASSEN VNP - LOST CREEK,NC,TEHAMA  ,150,NO,YES,YES,NO,surface water
CA5210505,LASSEN VNP - MANZANITA LAKE,NC,TEHAMA  ,606,NO,YES,YES,NO,surface water
CA5210506,LASSEN VNP - SUMMIT LAKE,NC,TEHAMA  ,251,NO,YES,YES,NO,surface water
CA5210801,CAL FIRE - SALT CREEK CONSERVATION CAMP,NTNC,TEHAMA  ,130,NO,YES,YES,YES,surface water
CA5301002,LEWISTON COMMUNITY SERVICES DISTRICT,C,TRINITY  ,701,NO,YES,YES,YES,surface water
CA5301006,ALPINE VIEW CAMPGROUND,NC,TRINITY  ,215,NO,YES,YES,NO,surface water
CA5301009,LAKEVIEW TERRACE RESORT,NC,TRINITY  ,79,NO,YES,YES,YES,surface water
CA5301014,BRIDGE CAMP,NC,TRINITY  ,190,NO,YES,YES,NO,surface water
CA5301017,RUSH CREEK MUTUAL WATER SYSTEM,C,TRINITY  ,104,NO,YES,YES,NO,surface water
CA5301106,"TRINITY LAKE MARINAS, LLC.",NC,TRINITY  ,317,NO,YES,YES,NO,surface water
CA5301108,TRINITY ALPS RESORT,NC,TRINITY  ,307,NO,YES,YES,NO,surface water
CA5301110,TANNERY GULCH CAMPGROUND,NC,TRINITY  ,410,NO,YES,YES,NO,surface water
CA5301113,CLARK SYSTEM,NC,TRINITY  ,450,NO,YES,YES,NO,surface water
CA5303002,INDIAN CREEK TRAILER PARK,C,TRINITY  ,43,NO,YES,YES,NO,surface water
CA5304102,TRINITY VILLAGE MUTUAL WATER,C,TRINITY  ,332,NO,YES,YES,NO,surface water
CA5304109,BURNT RANCH ESTATES,C,TRINITY  ,115,NO,YES,YES,NO,surface water
CA5304209,JUNCTION CITY SCHOOL,NTNC,TRINITY  ,80,NO,YES,YES,NO,surface water
CA5304501,SALYER MUTUAL WC (FORMERLY RIVERVIEW AC),C,TRINITY  ,231,NO,YES,YES,NO,surface water
CA5305402,BAR 717 RANCH,NC,TRINITY  ,145,NO,YES,YES,NO,surface water
CA5305504,FISH TAIL INN,NC,TRINITY  ,274,NO,YES,YES,NO,surface water
CA5310001,WEAVERVILLE C.S.D.,C,TRINITY  ,3308,NO,YES,YES,NO,surface water
CA5310002,TRINITY CO. W.W. DIST #1,C,TRINITY  ,2324,NO,YES,YES,NO,surface water
CA5310003,TRINITY CENTER M.W.C.          .,C,TRINITY  ,729,NO,YES,YES,NO,surface water
CA5400506,NORTH KAWEAH MUTUAL WATER COMPANY,C,TULARE  ,560,NO,YES,YES,NO,surface water
CA5400637,BUCKEYE TREE LODGE,NC,TULARE  ,35,NO,YES,YES,NO,surface water
CA5400644,SEQUOIA VILLAGE INN,NC,TULARE  ,30,NO,YES,YES,NO,surface water
CA5400708,ALPINE VILLAGE WATER COMPANY,NC,TULARE  ,15,NO,YES,YES,NO,surface water
CA5400747,SIERRA LODGE,NC,TULARE  ,52,NO,YES,YES,NO,surface water
CA5400749,GATEWAY RESTAURANT,NC,TULARE  ,150,NO,YES,YES,NO,surface water
CA5401071,SILVER CITY WATER CO.,NC,TULARE  ,156,NO,YES,YES,NO,surface water
CA5401093,DOYLE SPRINGS ASSOCIATION,NC,TULARE  ,180,NO,YES,YES,NO,surface water
CA5403061,RIVER VIEW RESTAURANT,NC,TULARE  ,200,NO,YES,YES,NO,surface water
CA5403073,SLATE MOUNTAIN HOA,NC,TULARE  ,42,NO,YES,YES,NO,surface water
CA5403200,OL' BUCKAROO,NC,TULARE  ,25,NO,YES,YES,NO,surface water
CA5410006,"LINDSAY, CITY OF",C,TULARE  ,12659,NO,YES,YES,YES,surface water
CA5410007,LSID - TONYVILLE,C,TULARE  ,500,NO,YES,YES,NO,surface water
CA5410011,SPRINGVILLE PUD,C,TULARE  ,1500,NO,YES,YES,NO,surface water
CA5410012,STRATHMORE PUBLIC UTIL DIST,C,TULARE  ,1690,NO,YES,YES,YES,surface water
CA5410022,CAMP NELSON WATER COMPANY,C,TULARE  ,130,NO,YES,YES,NO,surface water
CA5410036,LSID-STRATHMORE SYSTEM,C,TULARE  ,500,NO,YES,YES,NO,surface water
CA5410038,TERRA BELLA IRRIGATION DISTRICT - TBT,C,TULARE  ,3056,NO,YES,YES,YES,surface water
CA5410503,NPS-WOLVERTON,C,TULARE  ,2940,NO,YES,YES,YES,surface water
CA5410513,NPS-ASH MOUNTAIN,C,TULARE  ,2930,NO,YES,YES,YES,surface water
CA5410515,NPS-ATWELL MILL,NC,TULARE  ,80,NO,YES,YES,NO,surface water
CA5500020,OLD OAK RANCH,NC,TUOLUMNE  ,217,NO,YES,YES,NO,surface water
CA5500030,YOSEMITE LAKES CAMPGROUND,NC,TUOLUMNE  ,413,NO,YES,YES,NO,surface water
CA5500048,DON PEDRO REC AG:FLEM.MEADOWS,C,TUOLUMNE  ,1041,NO,YES,YES,NO,surface water
CA5500080,TWAIN HARTE VALLEY MWC,C,TUOLUMNE  ,202,NO,YES,YES,NO,surface water
CA5500116,PEPPERMINT CREEK MHP,C,TUOLUMNE  ,280,NO,YES,YES,NO,surface water
CA5500136,BERKELEY CAMP,NC,TUOLUMNE  ,360,NO,YES,YES,NO,surface water
CA5500168,DODGE RIDGE SKI RESORT,NTNC,TUOLUMNE  ,328,NO,YES,YES,NO,surface water
CA5500274,DON PEDRO REC AG:BLUE OAKS,NC,TUOLUMNE  ,296,NO,YES,YES,NO,surface water
CA5510001,TUD - SONORA/JAMESTOWN WATER SYSTEM,C,TUOLUMNE  ,10814,NO,YES,YES,YES,surface water
CA5510002,TUD - PONDEROSA,C,TUOLUMNE  ,1753,NO,YES,YES,NO,surface water
CA5510003,TUD - TUOLUMNE WATER SYSTEM,C,TUOLUMNE  ,1722,NO,YES,YES,NO,surface water
CA5510004,PINECREST PERMITTEES ASSN,C,TUOLUMNE  ,1253,NO,YES,YES,YES,surface water
CA5510005,TWAIN HARTE COMMUNITY SERVICES DISTRICT,C,TUOLUMNE  ,2378,NO,YES,YES,YES,surface water
CA5510006,MI WUK VILLAGE MUT WTR CO,C,TUOLUMNE  ,2156,NO,YES,YES,YES,groundwater
CA5510007,DEL ORO WATER COMPANY - STRAWBERRY DIV.,C,TUOLUMNE  ,1289,NO,YES,YES,NO,surface water
CA5510008,LAKE DON PEDRO CSD,C,TUOLUMNE  ,3240,NO,YES,YES,YES,surface water
CA5510009,GROVELAND COMMUNITY SERV DIST,C,TUOLUMNE  ,3400,NO,YES,YES,NO,surface water
CA5510011,COLD SPRINGS WATER CO,C,TUOLUMNE  ,1771,NO,YES,YES,YES,surface water
CA5510012,TUD - UPPER BASIN WATER SYSTEM,C,TUOLUMNE  ,10702,NO,YES,YES,YES,surface water
CA5510013,TUD - COLUMBIA WATER SYSTEM,C,TUOLUMNE  ,5365,NO,YES,YES,NO,surface water
CA5510015,TUD - CEDAR RIDGE WATER SYSTEM,C,TUOLUMNE  ,1879,NO,YES,YES,YES,surface water
CA5510033,TUD-SCENIC VIEW/SCENIC BROOK,C,TUOLUMNE  ,336,NO,YES,YES,YES,surface water
CA5510500,YOSEMITE NPS-TUOLUMNE MEADOWS,NC,TUOLUMNE  ,2500,NO,YES,YES,NO,surface water
CA5510851,CDCR - SIERRA CONSERVATION CENTER,C,TUOLUMNE  ,3242,NO,YES,YES,NO,surface water
CA5510852,CAL FIRE BASELINE CONSERVATION CAMP,C,TUOLUMNE  ,150,NO,YES,YES,NO,surface water
CA5601117,SENIOR CANYON MUTUAL WATER CO,C,VENTURA  ,800,MAYBE,YES,YES,MAYBE,surface water dominant
CA5601134,ELKINS RANCH,C,VENTURA  ,150,NO,YES,YES,NO,surface water
CA5601706,LAKE PIRU PARK - UWCD,NC,VENTURA  ,960,NO,YES,YES,NO,surface water
CA5610001,DEMPSEY ROAD MUTUAL WATER CO,C,VENTURA  ,990,NO,YES,YES,NO,surface water
CA5610017,VENTURA WATER DEPARTMENT,C,VENTURA  ,110763,MAYBE,YES,YES,YES,groundwater dominant
CA5610024,CASITAS MUNICIPAL WATER DIST,C,VENTURA  ,11005,MAYBE,YES,YES,YES,surface water dominant
CA5610046,UNITED WTR CONS DIST,C,VENTURA  ,0,NO,YES,YES,YES,surface water
CA5610050,CALLEGUAS MUNICIPAL WATER DIST,C,VENTURA  ,0,MAYBE,YES,YES,YES,purchased water dominant
CA5700608,CANYON CREEK RESORT,NC,YOLO  ,212,NO,YES,YES,NO,surface water
CA5710003,CITY OF WEST SACRAMENTO,C,YOLO  ,53355,MAYBE,YES,YES,MAYBE,surface water dominant
CA5710012,WOODLAND-DAVIS CLEAN WATER AGENCY,C,YOLO  ,0,NO,YES,YES,NO,surface water
CA5800801,CAMP FAR WEST RESORT,NC,YUBA  ,4012,NO,YES,YES,NO,surface water
CA5800814,BULLARD'S BAR REC FAC WTR SYS,NC,YUBA  ,2208,NO,YES,YES,NO,surface water
CA5800838,CYO CAMP PENDOLA,NC,YUBA  ,100,NO,YES,YES,YES,surface water
CA5800924,CAMPTONVILLE COMMUNITY SERV DIST,C,YUBA  ,180,NO,YES,YES,NO,surface water
CA5810005,NEVADA ID - SMARTSVILLE,C,YUBA  ,122,NO,YES,YES,NO,surface water
CA5810006,NORTH YUBA WATER DISTRICT,C,YUBA  ,2772,NO,YES,YES,NO,surface water
CA0103041,TRAILER HAVEN MOBILE HOME PARK,C,ALAMEDA  ,459,NO,NO,NO,YES,groundwater
CA0105009,MOUNTAIN HOUSE SCHOOL,NTNC,ALAMEDA  ,50,NO,NO,NO,YES,groundwater
CA0110001,ALAMEDA COUNTY WATER DISTRICT,C,ALAMEDA  ,344855,MAYBE,NO,MAYBE,YES,groundwater dominant
CA0110003,CALIFORNIA WATER SERVICE - LIVERMORE,C,ALAMEDA  ,60215,YES,NO,YES,YES,surface water
CA0110006,CITY OF HAYWARD,C,ALAMEDA  ,159293,YES,NO,YES,NO,surface water
CA0110008,CITY OF PLEASANTON,C,ALAMEDA  ,79871,YES,NO,YES,YES,surface water
CA0110009,DUBLIN SAN RAMON SERVICES DISTRICT,C,ALAMEDA  ,98776,YES,NO,YES,NO,surface water
CA0110011,CITY OF LIVERMORE,C,ALAMEDA  ,35672,YES,NO,YES,NO,surface water
CA0110012,TOWN OF SUNOL - SFPUC,C,ALAMEDA  ,342,YES,NO,YES,NO,surface water
CA0110016,ALAMEDA POINT,C,ALAMEDA  ,1500,YES,NO,YES,NO,surface water
CA0110701,LAWRENCE LIVERMORE NATIONAL LAB SITE 200,NTNC,ALAMEDA  ,9839,YES,NO,YES,NO,surface water
CA0300010,DRYTOWN COUNTY WATER DISTRICT,C,AMADOR  ,221,YES,NO,YES,NO,surface water
CA0310001,CITY OF JACKSON,C,AMADOR  ,4786,YES,NO,YES,NO,surface water
CA0310004,"PLYMOUTH, CITY OF",C,AMADOR  ,1060,YES,NO,YES,NO,surface water
CA0310005,PINE GROVE COMM SERV DIST,C,AMADOR  ,1141,YES,NO,YES,NO,surface water
CA0310011,FIRST MACE MEADOW # 1,C,AMADOR  ,838,YES,NO,YES,NO,surface water
CA0310018,FIRST MACE MEADOWS UNIT NO. 2,C,AMADOR  ,230,YES,NO,YES,NO,surface water
CA0410005,CAL-WATER SERVICE CO.-OROVILLE,C,BUTTE  ,11056,MAYBE,NO,MAYBE,YES,purchased water dominant
CA0410011,DEL ORO WATER CO.-PARADISE PINES,C,BUTTE  ,10900,YES,NO,YES,YES,groundwater
CA0500091,RITE OF PASSAGE/SIERRA RIDGE,C,CALAVERAS  ,150,YES,#N/A,#N/A,#N/A,#N/A
CA0510009,BLUE LAKE SPRINGS MUT WTR,C,CALAVERAS  ,4793,YES,NO,YES,YES,groundwater
CA0510011,SNOWSHOE SPRINGS ASSN.,C,CALAVERAS  ,361,YES,NO,YES,NO,surface water
CA0707603,CLAYTON PALMS WATER,C,CONTRA COSTA  ,549,YES,NO,YES,NO,surface water
CA0707901,BRUNS MEMORIAL AMPHITHEATER,NC,CONTRA COSTA  ,200,YES,NO,YES,NO,surface water
CA0710002,GOLDEN STATE WATER COMPANY - BAY POINT,C,CONTRA COSTA  ,23693,YES,NO,YES,YES,surface water
CA0710007,DIABLO WATER DISTRICT,C,CONTRA COSTA  ,43357,YES,NO,YES,YES,surface water
CA0810300,DEL NORTE COAST STATE PARK,NC,DEL NORTE  ,1051,NO,NO,NO,YES,groundwater
CA0901260,CODY WATER ASSOCIATION,NC,EL DORADO  ,181,NO,NO,NO,NO,no data
CA0910003,"PLACERVILLE, CITY OF - MAIN",C,EL DORADO  ,9224,YES,NO,YES,NO,surface water
CA1000005,BIG CREEK COMMUNITY SERV DIST,C,FRESNO  ,72,YES,NO,YES,NO,surface water
CA1000116,USDA-FOREST SERVICE HUME LAKE CAMPGROUND,NC,FRESNO  ,500,NO,NO,NO,NO,no data
CA1000490,LOS GATOS TOMATO PRODUCTS,NTNC,FRESNO  ,219,NO,NO,NO,NO,no data
CA1300626,SUNBEAM LAKE RV RESORT,C,IMPERIAL  ,650,YES,NO,YES,NO,surface water
CA1300693,"HAYKINGDOM, INC.",NTNC,IMPERIAL  ,32,YES,#N/A,#N/A,#N/A,#N/A
CA1310800,CALIPATRIA STATE PRISON,C,IMPERIAL  ,4800,YES,NO,YES,NO,surface water
CA1500290,NORTH MUROC MUTUAL WATER COMPANY,C,KERN  ,270,YES,NO,YES,YES,surface water
CA1502231,ROSAMOND SCHOOL WATER SYSTEM,NTNC,KERN  ,940,NO,NO,NO,YES,groundwater
CA1502561,CHEVRON SAN JOAQUIN,NTNC,KERN  ,300,YES,NO,YES,NO,surface water
CA1510002,BORON CSD,C,KERN  ,2253,YES,NO,YES,YES,surface water
CA1510006,EAST NILES CSD,C,KERN  ,32517,YES,NO,YES,YES,surface water
CA1510014,MOJAVE PUD,C,KERN  ,4699,YES,NO,YES,YES,groundwater
CA1510015,OILDALE MWC,C,KERN  ,39756,YES,NO,YES,YES,surface water
CA1510027,DESERT LAKE COMM SERV DIST,C,KERN  ,968,YES,NO,YES,NO,surface water
CA1510032,"CALIFORNIA CITY, CITY OF",C,KERN  ,14198,NO,NO,NO,YES,groundwater
CA1510053,ANTELOPE VALLEY E KERN WTR AGY-ROSAMOND,C,KERN  ,0,NO,NO,NO,YES,groundwater
CA1510701,EDWARDS AFB - MAIN BASE,C,KERN  ,12355,YES,NO,YES,YES,surface water
CA1510702,EDWARDS AFB - AIR FORCE RESEARCH LAB,NTNC,KERN  ,444,YES,NO,YES,YES,surface water
CA1700519,CRESCENT BAY IMPROVEMENT COMPANY,C,LAKE  ,30,NO,NO,NO,YES,groundwater
CA1900062,LOS ANGELES RESIDENTIAL COMMUNITY FOUNDA,C,LOS ANGELES  ,184,YES,NO,YES,NO,surface water
CA1900301,SHADOW ACRES MUTUAL WATER COMPANY,C,LOS ANGELES  ,450,YES,NO,YES,YES,surface water
CA1900523,WHITE FENCE FARMS MWC NO.3,C,LOS ANGELES  ,749,YES,NO,YES,YES,surface water
CA1900715,HALFWAY HOUSE CAFE,NC,LOS ANGELES  ,25,NO,NO,NO,NO,no data
CA1900803,EL DORADO MUTUAL WATER CO.,C,LOS ANGELES  ,660,YES,NO,YES,YES,groundwater
CA1910001,CITY OF ALHAMBRA,C,LOS ANGELES  ,83750,YES,NO,YES,YES,groundwater
CA1910005,"LOS ANGELES CWWD 40, REG. 38-LAKE LA",C,LOS ANGELES  ,12620,YES,NO,YES,YES,surface water
CA1910010,CALIFORNIA WATER SERVICE CO.-LANCASTER,C,LOS ANGELES  ,1430,YES,NO,YES,YES,groundwater
CA1910011,"GSWC - BELL, BELL GARDENS",C,LOS ANGELES  ,54309,YES,NO,YES,YES,groundwater
CA1910012,BELLFLOWER HOME GARDEN WATER COMPANY,C,LOS ANGELES  ,1129,YES,NO,YES,NO,surface water
CA1910013,BELLFLOWER - SOMERSET MWC,C,LOS ANGELES  ,46300,YES,NO,YES,YES,groundwater
CA1910017,SANTA CLARITA VALLEY W.A.-SANTA CLARITA,C,LOS ANGELES  ,135022,YES,NO,YES,YES,surface water
CA1910018,BELLFLOWER MUNICIPAL WATER SYSTEM,C,LOS ANGELES  ,5999,YES,NO,YES,NO,surface water
CA1910019,"CERRITOS - CITY, WATER DEPT.",C,LOS ANGELES  ,49578,YES,NO,YES,YES,groundwater
CA1910021,LIBERTY UTILITIES - COMPTON,C,LOS ANGELES  ,23802,YES,NO,YES,YES,groundwater
CA1910022,CALIF STATE POLYTECHNICAL UNIV - POMONA,C,LOS ANGELES  ,36455,MAYBE,NO,MAYBE,YES,groundwater dominant
CA1910024,GSWC - CLAREMONT,C,LOS ANGELES  ,39279,YES,NO,YES,YES,groundwater
CA1910025,"LOS ANGELES CWWD 40, REG. 39-ROCK CREEK",C,LOS ANGELES  ,870,NO,NO,NO,YES,groundwater
CA1910026,"COMPTON-CITY, WATER DEPT.",C,LOS ANGELES  ,74877,NO,NO,NO,YES,groundwater
CA1910028,CRESCENTA VALLEY CWD,C,LOS ANGELES  ,32665,YES,NO,YES,YES,groundwater
CA1910030,GSWC - CULVER CITY,C,LOS ANGELES  ,38029,YES,NO,YES,NO,surface water
CA1910032,FOOTHILL MUNICIPAL WATER DIST.,C,LOS ANGELES  ,0,YES,NO,YES,NO,surface water
CA1910033,CALIFORNIA WATER SERVICE CO. - DOMINGUEZ,C,LOS ANGELES  ,143464,YES,NO,YES,YES,surface water
CA1910036,CALIFORNIA WATER SERVICE CO. - ELA,C,LOS ANGELES  ,151902,YES,NO,YES,YES,groundwater
CA1910040,"EL SEGUNDO-CITY, WATER DEPT.",C,LOS ANGELES  ,16898,YES,NO,YES,NO,surface water
CA1910043,"GLENDALE-CITY, WATER DEPT.",C,LOS ANGELES  ,201334,YES,NO,YES,YES,surface water
CA1910044,"GLENDORA-CITY, WATER DEPT.",C,LOS ANGELES  ,52558,YES,NO,YES,YES,groundwater
CA1910046,SUBURBAN WATER SYSTEMS-GLENDORA,C,LOS ANGELES  ,5249,YES,NO,YES,NO,surface water
CA1910047,HAWTHORNE-CITY WATER DEPT.,C,LOS ANGELES  ,44729,YES,NO,YES,YES,surface water
CA1910049,"HUNTINGTON PARK-CITY, WATER DEPT.",C,LOS ANGELES  ,15275,YES,NO,YES,YES,groundwater
CA1910050,"COMMERCE-CITY, WATER DEPT.",C,LOS ANGELES  ,4207,YES,NO,YES,YES,surface water
CA1910051,"INGLEWOOD- CITY, WATER DEPT.",C,LOS ANGELES  ,82041,YES,NO,YES,YES,surface water
CA1910052,CAL/AM WATER COMPANY - BALDWIN HILLS,C,LOS ANGELES  ,20859,YES,NO,YES,YES,groundwater
CA1910054,LA CANADA IRRIGATION DIST.,C,LOS ANGELES  ,9300,YES,NO,YES,YES,surface water
CA1910061,LAS FLORES WATER CO.,C,LOS ANGELES  ,4847,NO,NO,NO,YES,groundwater
CA1910062,"LA VERNE, CITY WD",C,LOS ANGELES  ,32206,YES,NO,YES,YES,surface water
CA1910065,LONG BEACH UTILITIES DEPARTMENT,C,LOS ANGELES  ,460682,YES,NO,YES,YES,groundwater
CA1910070,LOS ANGELES CWWD 40 REG 4 & 34 LANCASTER,C,LOS ANGELES  ,204393,YES,NO,YES,YES,surface water
CA1910072,GSWC - WILLOWBROOK,C,LOS ANGELES  ,10615,YES,NO,YES,YES,groundwater
CA1910073,"LOMITA-CITY, WATER DEPT.",C,LOS ANGELES  ,20256,YES,NO,YES,NO,surface water
CA1910075,LOS ANGELES CWWD 21-KAGEL CANYON,C,LOS ANGELES  ,395,YES,NO,YES,NO,surface water
CA1910077,GSWC - FLORENCE/GRAHAM,C,LOS ANGELES  ,62970,YES,NO,YES,YES,groundwater
CA1910083,"MANHATTAN BEACH-CITY, WATER DEPT.",C,LOS ANGELES  ,34668,YES,NO,YES,YES,surface water
CA1910084,MAYWOOD MUTUAL WATER CO. #1,C,LOS ANGELES  ,5500,NO,NO,NO,YES,groundwater
CA1910085,MAYWOOD MUTUAL WATER CO. #2,C,LOS ANGELES  ,6349,YES,NO,YES,YES,groundwater
CA1910086,MAYWOOD MUTUAL WATER CO. #3,C,LOS ANGELES  ,9500,NO,NO,NO,YES,groundwater
CA1910096,SANTA CLARITA VALLEY W.A.-NEWHALL DIV.,C,LOS ANGELES  ,17154,YES,NO,YES,YES,groundwater
CA1910098,GSWC - NORWALK,C,LOS ANGELES  ,42997,YES,NO,YES,YES,groundwater
CA1910103,PALM RANCH IRRIGATION DIST.,C,LOS ANGELES  ,5474,YES,NO,YES,YES,groundwater
CA1910104,CALIFORNIA WATER SERVICE CO. - PALOS VER,C,LOS ANGELES  ,70819,YES,NO,YES,NO,surface water
CA1910105,"PARAMOUNT - CITY, WATER DEPT.",C,LOS ANGELES  ,55200,YES,NO,YES,YES,groundwater
CA1910108,CITY OF BELL GARDENS,C,LOS ANGELES  ,11292,YES,NO,YES,NO,surface water
CA1910117,SAN GABRIEL VALLEY WATER CO-MONTEBELLO 2,C,LOS ANGELES  ,5300,YES,NO,YES,NO,surface water
CA1910124,PASADENA WATER AND POWER,C,LOS ANGELES  ,170950,YES,NO,YES,YES,surface water
CA1910127,"COVINA-CITY, WATER DEPT.",C,LOS ANGELES  ,33300,YES,NO,YES,NO,surface water
CA1910130,QUARTZ HILL WATER DIST.,C,LOS ANGELES  ,19100,YES,NO,YES,YES,surface water
CA1910134,CALIFORNIA WATER SERVICE CO. - HERM/REDO,C,LOS ANGELES  ,96657,YES,NO,YES,YES,surface water
CA1910139,CAL/AM WATER COMPANY - SAN MARINO,C,LOS ANGELES  ,47731,YES,NO,YES,YES,groundwater
CA1910142,GSWC-SAN DIMAS,C,LOS ANGELES  ,56426,YES,NO,YES,YES,surface water
CA1910146,"SANTA MONICA-CITY, WATER DIVISION",C,LOS ANGELES  ,93076,YES,NO,YES,YES,surface water
CA1910147,SUBURBAN WATER SYSTEMS - SATIVA,C,LOS ANGELES  ,4385,YES,NO,YES,NO,surface water
CA1910148,"SIERRA MADRE-CITY, WATER DEPT.",C,LOS ANGELES  ,11000,NO,NO,NO,YES,groundwater
CA1910149,"SIGNAL HILL - CITY, WATER DEPT.",C,LOS ANGELES  ,11795,YES,NO,YES,YES,groundwater
CA1910152,"SOUTH GATE-CITY, WATER DEPT.",C,LOS ANGELES  ,76443,NO,NO,NO,YES,groundwater
CA1910154,CITY OF SOUTH PASADENA,C,LOS ANGELES  ,25329,YES,NO,YES,YES,groundwater
CA1910155,GSWC - SOUTHWEST,C,LOS ANGELES  ,275369,YES,NO,YES,YES,surface water
CA1910156,"BEVERLY HILLS-CITY, WATER DEPT.",C,LOS ANGELES  ,40856,YES,NO,YES,YES,surface water
CA1910161,LIBERTY UTILITIES - LYNWOOD,C,LOS ANGELES  ,24171,YES,NO,YES,YES,groundwater
CA1910163,VALENCIA HEIGHTS WATER CO.,C,LOS ANGELES  ,7775,YES,NO,YES,YES,surface water
CA1910166,VALLEY WATER CO.,C,LOS ANGELES  ,10070,YES,NO,YES,YES,surface water
CA1910167,"VERNON-CITY, WATER DEPT.",C,LOS ANGELES  ,28000,YES,NO,YES,YES,groundwater
CA1910179,"BURBANK-CITY, WATER DEPT.",C,LOS ANGELES  ,105451,YES,NO,YES,YES,groundwater
CA1910185,LOS ANGELES CWWD 36-VAL VERDE,C,LOS ANGELES  ,5701,YES,NO,YES,NO,surface water
CA1910191,"NORWALK - CITY, WATER DEPT.",C,LOS ANGELES  ,17790,YES,NO,YES,YES,surface water
CA1910194,ROWLAND WATER DISTRICT,C,LOS ANGELES  ,54660,YES,NO,YES,NO,surface water
CA1910200,SUBURBAN WATER SYSTEMS-COVINA KNOLLS,C,LOS ANGELES  ,1437,YES,NO,YES,NO,surface water
CA1910203,"LOS ANGELES CWWD 40, R 24,27,33-PEARBLSM",C,LOS ANGELES  ,11183,YES,NO,YES,YES,surface water
CA1910204,LOS ANGELES CWWD 29 & 80-MALIBU,C,LOS ANGELES  ,32695,YES,NO,YES,NO,surface water
CA1910205,SUBURBAN WATER SYSTEMS-SAN JOSE,C,LOS ANGELES  ,168843,YES,NO,YES,YES,surface water
CA1910211,LIBERTY UTILITIES - BELLFLOWER-NORWALK,C,LOS ANGELES  ,72964,YES,NO,YES,YES,surface water
CA1910213,"TORRANCE-CITY, WATER DEPT.",C,LOS ANGELES  ,106183,YES,NO,YES,YES,surface water
CA1910218,LA HABRA HEIGHTS CWD,C,LOS ANGELES  ,5682,YES,NO,YES,YES,groundwater
CA1910223,GSWC-SOUTH SAN GABRIEL,C,LOS ANGELES  ,25907,YES,NO,YES,YES,groundwater
CA1910234,WALNUT VALLEY WATER DISTRICT,C,LOS ANGELES  ,100449,YES,NO,YES,NO,surface water
CA1910240,SANTA CLARITA VALLEY W.A.-VALENCIA DIVIS,C,LOS ANGELES  ,110329,YES,NO,YES,YES,groundwater
CA1910241,LIBERTY UTILITIES - MESA CREST,C,LOS ANGELES  ,2336,YES,NO,YES,NO,surface water
CA1910243,CALIFORNIA WATER SERVICE CO-LEONA VALLEY,C,LOS ANGELES  ,905,YES,NO,YES,NO,surface water
CA1910245,"SANTA FE SPRINGS - CITY, WATER DEPT.",C,LOS ANGELES  ,19219,YES,NO,YES,NO,surface water
CA1910247,SANTA CLARITA VALLEY W.A.-CASTAIC DIV.,C,LOS ANGELES  ,9967,YES,NO,YES,YES,groundwater
CA1910248,LOS ANGELES CWWD 37-ACTON,C,LOS ANGELES  ,4895,YES,NO,YES,YES,surface water
CA1910249,WHITE FENCE FARMS MWC NO. 1,C,LOS ANGELES  ,1362,YES,NO,YES,YES,groundwater
CA1910250,SANTA CLARITA VALLEY W.A.-PINETREE DIV.,C,LOS ANGELES  ,15713,YES,NO,YES,YES,surface water
CA1910255,SANTA CLARITA VALLEY W.A.-TESORO DIV.,C,LOS ANGELES  ,6453,YES,NO,YES,NO,surface water
CA2110007,COAST SPRINGS - CAL. WATER SERVICE (PUC),C,MARIN  ,396,MAYBE,NO,MAYBE,YES,groundwater dominant
CA2110350,NPS GGNRA,C,MARIN  ,18447,YES,NO,YES,NO,surface water
CA2110505,NPS PRNS - SKY CAMP CAMPGROUND,NC,MARIN  ,75,YES,NO,YES,NO,surface water
CA2210511,YOSEMITE NPS-GLACIER POINT,NC,MARIPOSA  ,4000,YES,#N/A,#N/A,#N/A,#N/A
CA2210907,MUSD - SIERRA FOOTHILL CHARTER SCHOOL,NTNC,MARIPOSA  ,159,YES,NO,YES,NO,surface water
CA2300507,CALPELLA COUNTY WATER DISTRICT,C,MENDOCINO  ,548,YES,NO,YES,YES,surface water
CA2310006,MILLVIEW COUNTY WATER DISTRICT,C,MENDOCINO  ,5500,NO,NO,NO,YES,groundwater
CA2400209,SAN LUIS HILLS,C,MERCED  ,300,NO,NO,NO,NO,no data
CA2410303,CDPR FOUR RIVERS DISTRICT-BASALT,NC,MERCED  ,363,MAYBE,NO,MAYBE,MAYBE,purchased water dominant
CA2410305,CDPR-SECTOR WIDE POTABLE WATER TANKS,NC,MERCED  ,172,YES,NO,YES,NO,surface water
CA2600529,ANNETT'S MONO VILLAGE,NC,MONO  ,500,NO,NO,NO,YES,groundwater
CA2701906,LAKE SAN ANTONIO PARK WS,C,MONTEREY  ,54,NO,NO,NO,YES,groundwater
CA2702595,CACHAGUA COMM CTR WS,NTNC,MONTEREY  ,33,NO,NO,NO,YES,groundwater
CA2800012,LMR MAIN STREET PARTNERS LLC,NTNC,NAPA  ,26,NO,NO,NO,YES,groundwater
CA2800059,SUTTER HOME WINERY,NTNC,NAPA  ,417,YES,NO,YES,YES,surface water
CA2800110,MARKHAM VINEYARDS,NC,NAPA  ,25,YES,NO,YES,YES,surface water
CA2800521,CIRCLE OAKS WATER DISTRICT,C,NAPA  ,500,NO,NO,NO,YES,groundwater
CA2800578,ENCHANTED HILLS,NC,NAPA  ,206,NO,NO,NO,YES,groundwater
CA2800840,NAPA COUNTY SCHOOLS: POPE VALLEY,NTNC,NAPA  ,100,MAYBE,NO,MAYBE,MAYBE,purchased water dominant
CA2801027,PEJU PROVINCE,NTNC,NAPA  ,27,NO,NO,NO,YES,groundwater
CA2810007,TOWN OF YOUNTVILLE,C,NAPA  ,2751,YES,NO,YES,YES,surface water
CA3000734,KNOTT S BERRY FARM,NTNC,ORANGE  ,3000,YES,NO,YES,YES,surface water
CA3000980,SMWD-NICHOLS INSTITUTE,NTNC,ORANGE  ,1600,YES,NO,YES,NO,surface water
CA3010002,CITY OF BREA,C,ORANGE  ,47589,YES,NO,YES,NO,surface water
CA3010003,CITY OF BUENA PARK,C,ORANGE  ,81998,YES,NO,YES,YES,groundwater
CA3010004,MESA  WATER DISTRICT,C,ORANGE  ,110000,YES,NO,YES,YES,groundwater
CA3010010,CITY OF FULLERTON,C,ORANGE  ,141874,YES,NO,YES,YES,groundwater
CA3010017,LAGUNA BEACH COUNTY WD,C,ORANGE  ,18401,YES,NO,YES,YES,surface water
CA3010018,CITY OF LA HABRA,C,ORANGE  ,63118,YES,NO,YES,YES,surface water
CA3010022,GOLDEN STATE WC - WEST ORANGE COUNTY,C,ORANGE  ,113106,YES,NO,YES,YES,groundwater
CA3010023,CITY OF NEWPORT BEACH,C,ORANGE  ,68572,YES,NO,YES,YES,groundwater
CA3010027,CITY OF ORANGE,C,ORANGE  ,117150,YES,NO,YES,YES,groundwater
CA3010030,CITY OF SAN JUAN CAPISTRANO,C,ORANGE  ,38958,YES,NO,YES,NO,surface water
CA3010035,GOLDEN STATE WC - PLACENTIA/YORBA LINDA,C,ORANGE  ,49808,YES,NO,YES,YES,surface water
CA3010036,CITY OF SAN CLEMENTE,C,ORANGE  ,51545,YES,NO,YES,NO,surface water
CA3010037,YORBA LINDA WATER DISTRICT,C,ORANGE  ,84054,YES,NO,YES,YES,groundwater
CA3010038,CITY OF SANTA ANA,C,ORANGE  ,337716,YES,NO,YES,YES,groundwater
CA3010041,CITY OF SEAL BEACH,C,ORANGE  ,24937,YES,NO,YES,YES,groundwater
CA3010042,SOUTH COAST WATER DISTRICT,C,ORANGE  ,34724,YES,NO,YES,YES,surface water
CA3010046,CITY OF TUSTIN,C,ORANGE  ,66600,YES,NO,YES,YES,surface water
CA3010047,GOLDEN STATE WC - COWAN HEIGHTS,C,ORANGE  ,6986,YES,NO,YES,NO,surface water
CA3010053,CITY OF HUNTINGTON BEACH,C,ORANGE  ,201000,YES,NO,YES,YES,groundwater
CA3010062,CITY OF GARDEN GROVE,C,ORANGE  ,174226,YES,NO,YES,NO,surface water
CA3010064,CITY OF WESTMINSTER,C,ORANGE  ,95256,YES,NO,YES,YES,groundwater
CA3010068,EAST ORANGE COUNTY WD - RZ,C,ORANGE  ,3222,YES,NO,YES,NO,surface water
CA3010069,CITY OF FOUNTAIN VALLEY,C,ORANGE  ,56747,NO,NO,NO,YES,groundwater
CA3010071,JOINT REGIONAL WATER SUPPLY SYSTEM,C,ORANGE  ,0,YES,NO,YES,NO,surface water
CA3010073,MOULTON NIGUEL WATER DISTRICT,C,ORANGE  ,170236,YES,NO,YES,NO,surface water
CA3010079,EL TORO WATER DISTRICT,C,ORANGE  ,47911,YES,NO,YES,NO,surface water
CA3010093,EAST ORANGE COUNTY WD - WZ,C,ORANGE  ,0,YES,NO,YES,NO,surface water
CA3010100,CITY OF LA PALMA,C,ORANGE  ,15948,NO,NO,NO,YES,groundwater
CA3010101,SANTA MARGARITA WATER DISTRICT,C,ORANGE  ,164604,YES,NO,YES,NO,surface water
CA3100528,GOLDEN HILLS MUTUAL WATER CO,C,PLACER  ,84,YES,NO,YES,NO,surface water
CA3103835,LAKEVIEW HILLS COMMUNITY ASSOC,C,PLACER  ,499,YES,NO,YES,NO,surface water
CA3103836,HIDDEN VALLEY COMMUNITY ASSOCIATION,C,PLACER  ,499,YES,NO,YES,NO,surface water
CA3107339,FOLSOM LAKE MUTUAL WATER CO,C,PLACER  ,333,YES,NO,YES,NO,surface water
CA3110004,CITY OF LINCOLN,C,PLACER  ,51252,YES,NO,YES,YES,surface water
CA3110011,TAHOE CITY PUD - MCKINNEY/QUAIL,C,PLACER  ,844,NO,NO,NO,YES,groundwater
CA3110015,FULTON WATER COMPANY,C,PLACER  ,2593,NO,NO,NO,NO,no data
CA3110040,PLACER CWA - BIANCHI ESTATES,C,PLACER  ,102,NO,NO,NO,NO,no data
CA3110041,MIDWAY HEIGHTS C. W. D.,C,PLACER  ,1469,YES,NO,YES,NO,surface water
CA3110150,CAL AM - WEST PLACER,C,PLACER  ,5900,YES,NO,YES,NO,surface water
CA3210002,PLUMAS COUNTY FLOOD CONTROL,C,PLUMAS  ,0,NO,NO,NO,NO,no data
CA3301283,GLEN EDEN SUN CLUB,C,RIVERSIDE  ,566,YES,NO,YES,YES,groundwater
CA3301494,PALM SPRINGS AERIAL TRAMWAY,NTNC,RIVERSIDE  ,1565,YES,NO,YES,NO,surface water
CA3310004,BOX SPRINGS MUTUAL WC,C,RIVERSIDE  ,3542,YES,NO,YES,YES,groundwater
CA3310012,ELSINORE VALLEY MWD,C,RIVERSIDE  ,165586,MAYBE,NO,MAYBE,YES,purchased water dominant
CA3310018,HOME GARDENS COUNTY WD,C,RIVERSIDE  ,3095,YES,NO,YES,NO,surface water
CA3310025,"NORCO, CITY OF",C,RIVERSIDE  ,24909,YES,NO,YES,YES,surface water
CA3310026,NUEVO WATER COMPANY,C,RIVERSIDE  ,6733,YES,NO,YES,YES,surface water
CA3310029,"PERRIS, CITY OF",C,RIVERSIDE  ,7854,YES,NO,YES,NO,surface water
CA3310036,WESTERN MWD - MURRIETA DIVISION,C,RIVERSIDE  ,16373,YES,NO,YES,YES,surface water
CA3310038,RANCHO CALIFORNIA WATER DISTRICT,C,RIVERSIDE  ,144088,YES,NO,YES,YES,groundwater
CA3310046,FARM MUTUAL W.C. (THE),C,RIVERSIDE  ,4026,YES,NO,YES,YES,surface water
CA3310049,WESTERN MWD,C,RIVERSIDE  ,82560,YES,NO,YES,NO,surface water
CA3310074,TEMESCAL VALLEY WATER DISTRICT,C,RIVERSIDE  ,20526,YES,NO,YES,NO,surface water
CA3310075,WESTERN MWD (ARLINGTON),C,RIVERSIDE  ,0,YES,NO,YES,YES,surface water
CA3310076,WESTERN MWD (ID A - RAINBOW),C,RIVERSIDE  ,186,YES,NO,YES,NO,surface water
CA3310800,CALIFORNIA REHABILITATION CENTER - NORCO,C,RIVERSIDE  ,4300,YES,NO,YES,NO,surface water
CA3400139,SACRAMENTO INTERNATIONAL AIRPORT [SWS],NTNC,SACRAMENTO  ,41717,YES,NO,YES,NO,surface water
CA3400473,METRO AIR PARK WATER SYSTEM,NTNC,SACRAMENTO  ,2500,YES,NO,YES,NO,surface water
CA3410001,SACRAMENTO SUBURBAN WATER DISTRICT,C,SACRAMENTO  ,194444,YES,NO,YES,YES,groundwater
CA3410006,CITRUS HEIGHTS WATER DISTRICT,C,SACRAMENTO  ,66815,YES,NO,YES,YES,surface water
CA3410009,FAIR OAKS WATER DISTRICT,C,SACRAMENTO  ,35377,YES,NO,YES,YES,surface water
CA3410010,CAL AM - SUBURBAN ROSEMONT,C,SACRAMENTO  ,53757,YES,NO,YES,YES,groundwater
CA3410013,CAL AM - LINCOLN OAKS,C,SACRAMENTO  ,47546,NO,NO,NO,YES,groundwater
CA3410016,ORANGE VALE WATER COMPANY,C,SACRAMENTO  ,16861,YES,NO,YES,NO,surface water
CA3410017,CAL AM - PARKWAY,C,SACRAMENTO  ,49150,YES,NO,YES,YES,groundwater
CA3410020,CITY OF SACRAMENTO MAIN,C,SACRAMENTO  ,520746,MAYBE,NO,MAYBE,MAYBE,purchased water dominant
CA3410023,CAL AM - FRUITRIDGE VISTA,C,SACRAMENTO  ,15167,YES,NO,YES,YES,groundwater
CA3410027,CAL AM - SECURITY PARK,NTNC,SACRAMENTO  ,102,YES,NO,YES,YES,groundwater
CA3410030,"FOLSOM, CITY OF - ASHLAND",C,SACRAMENTO  ,3538,YES,NO,YES,NO,surface water
CA3410031,CAL AM - ANTELOPE,C,SACRAMENTO  ,35204,NO,NO,NO,YES,groundwater
CA3410045,CAL AM - ARDEN,C,SACRAMENTO  ,3950,YES,NO,YES,YES,groundwater
CA3500507,BITTERWATER-TULLY SCHOOL WS,NTNC,SAN BENITO  ,45,NO,NO,NO,YES,groundwater
CA3510003,SUNNYSLOPE COUNTY WATER DIST,C,SAN BENITO  ,23499,YES,NO,YES,YES,groundwater
CA3600087,DEER LODGE WATER SYSTEM,C,SAN BERNARDINO  ,845,YES,NO,YES,YES,surface water
CA3600209,ROCKY COMFORT MUTUAL WATER CO,C,SAN BERNARDINO  ,160,NO,NO,NO,NO,no data
CA3600258,SKY FOREST MWC,C,SAN BERNARDINO  ,492,YES,NO,YES,YES,surface water
CA3601159,CALIFORNIA STEEL INDUSTRIES,NTNC,SAN BERNARDINO  ,500,YES,NO,YES,YES,groundwater
CA3610002,ALPINE WATER USERS ASSOCIATION,C,SAN BERNARDINO  ,2534,YES,NO,YES,YES,groundwater
CA3610011,CEDARPINES PARK MWC,C,SAN BERNARDINO  ,2458,YES,NO,YES,YES,groundwater
CA3610015,CRESTLINE VILLAGE CWD - DIVISION 10,C,SAN BERNARDINO  ,10030,YES,NO,YES,YES,surface water
CA3610023,GREEN VALLEY MWC,C,SAN BERNARDINO  ,3062,YES,NO,YES,YES,groundwater
CA3610026,SBDNO COUNTY SERVICE AREA 70 CEDAR GLEN,C,SAN BERNARDINO  ,1239,YES,NO,YES,NO,surface water
CA3610029,MONTE VISTA CWD,C,SAN BERNARDINO  ,56422,YES,NO,YES,YES,groundwater
CA3610034,ONTARIO MUNICIPAL UTILITIES COMPANY,C,SAN BERNARDINO  ,185010,YES,NO,YES,YES,groundwater
CA3610036,"CHINO HILLS, CITY OF",C,SAN BERNARDINO  ,77964,YES,NO,YES,YES,surface water
CA3610045,LACSD - RIMFOREST,C,SAN BERNARDINO  ,817,YES,NO,YES,NO,surface water
CA3610046,VALLEY VIEW PARK MWC,C,SAN BERNARDINO  ,499,YES,NO,YES,YES,surface water
CA3610051,VALLEY OF ENCHANTMENT MWC,C,SAN BERNARDINO  ,1992,YES,NO,YES,YES,surface water
CA3610052,VICTORVILLE WATER DISTRICT,C,SAN BERNARDINO  ,124653,YES,NO,YES,YES,groundwater
CA3610053,WESTERN HEIGHTS WATER COMPANY,C,SAN BERNARDINO  ,7521,NO,NO,NO,YES,groundwater
CA3610062,RUNNING SPRINGS WATER DISTRICT,C,SAN BERNARDINO  ,5268,YES,NO,YES,YES,groundwater
CA3610093,ARROWHEAD VILLAS MUTUAL SERVICE COMPANY,C,SAN BERNARDINO  ,2654,YES,NO,YES,YES,surface water
CA3700866,DEL DIOS MUTUAL WATER COMPANY,C,SAN DIEGO  ,330,NO,NO,NO,YES,groundwater
CA3700938,YUIMA MUNICIPAL WATER DISTRICT IDA,C,SAN DIEGO  ,769,MAYBE,NO,MAYBE,YES,purchased water dominant
CA3701408,YUIMA MUNICIPAL WATER DISTRICT,C,SAN DIEGO  ,360,YES,NO,YES,YES,surface water
CA3710001,CAL-AM WATER CORONADO,C,SAN DIEGO  ,106000,YES,NO,YES,NO,surface water
CA3710002,VALLECITOS WD,C,SAN DIEGO  ,111000,YES,NO,YES,NO,surface water
CA3710004,"DEL MAR, CITY OF",C,SAN DIEGO  ,3929,YES,NO,YES,NO,surface water
CA3710005,CARLSBAD MWD,C,SAN DIEGO  ,92865,YES,NO,YES,NO,surface water
CA3710008,FALLBROOK PUD,C,SAN DIEGO  ,35237,YES,NO,YES,YES,surface water
CA3710013,LAKESIDE WD,C,SAN DIEGO  ,35500,YES,NO,YES,YES,surface water
CA3710016,RAINBOW MUNICIPAL WD,C,SAN DIEGO  ,23536,YES,NO,YES,NO,surface water
CA3710018,RINCON DEL DIABLO MWD (ID-1),C,SAN DIEGO  ,29206,YES,NO,YES,NO,surface water
CA3710019,RAMONA MUNICIPAL WD,C,SAN DIEGO  ,35135,YES,NO,YES,NO,surface water
CA3710021,SAN DIEGUITO WD,C,SAN DIEGO  ,40103,YES,NO,YES,NO,surface water
CA3710026,VALLEY CENTER MWD,C,SAN DIEGO  ,29708,YES,NO,YES,NO,surface water
CA3710027,VISTA IRRIGATION DISTRICT,C,SAN DIEGO  ,132838,MAYBE,NO,MAYBE,MAYBE,purchased water dominant
CA3710034,OTAY WATER DISTRICT,C,SAN DIEGO  ,227957,YES,NO,YES,NO,surface water
CA3710037,PADRE DAM MWD,C,SAN DIEGO  ,88963,YES,NO,YES,NO,surface water
CA3710044,RINCON DEL DIABLO MWD (ID-A),C,SAN DIEGO  ,3316,YES,NO,YES,NO,surface water
CA3710707,USN SAN CLEMENTE ISLAND,C,SAN DIEGO  ,670,YES,NO,YES,NO,surface water
CA3710750,NAS NORTH ISLAND & NAB CORONADO,C,SAN DIEGO  ,36500,YES,NO,YES,NO,surface water
CA3810008,THOMAS SHAFT WHOLESALE,C,SAN JOAQUIN  ,1,YES,NO,YES,NO,surface water
CA3810010,SAN FRANCISCO INTERNATIONAL AIRPORT,NTNC,SAN FRANCISCO  ,136648,YES,NO,YES,NO,surface water
CA3810011,SFPUC CITY DISTRIBUTION DIVISION,C,SAN FRANCISCO  ,834046,YES,NO,YES,YES,surface water
CA3810702,TREASURE ISLAND,C,SAN FRANCISCO  ,3214,YES,NO,YES,NO,surface water
CA3910001,CALIFORNIA WATER SERVICE - STOCKTON,C,SAN JOAQUIN  ,175026,YES,NO,YES,YES,surface water
CA3910002,SAN JOAQUIN COUNTY - COLONIAL HEIGHTS,C,SAN JOAQUIN  ,1841,YES,NO,YES,NO,surface water
CA3910005,"MANTECA, CITY OF",C,SAN JOAQUIN  ,84625,YES,NO,YES,YES,surface water
CA3910010,SAN JOAQUIN COUNTY - LINCOLN VILLAGE,C,SAN JOAQUIN  ,5990,YES,NO,YES,NO,surface water
CA3910015,CITY OF LATHROP,C,SAN JOAQUIN  ,35080,YES,NO,YES,YES,surface water
CA3910025,LAWRENCE LIVERMORE NATIONAL LAB-SITE 300,NTNC,SAN JOAQUIN  ,211,YES,NO,YES,YES,surface water
CA3910302,SAN JOAQUIN FAIR - 2ND DISTRICT,NC,SAN JOAQUIN  ,19,NO,NO,NO,YES,groundwater
CA3910803,CDCR CALIFORNIA HEALTH CARE FACILITY,C,SAN JOAQUIN  ,7100,YES,NO,YES,NO,surface water
CA4000222,AVILA BEACH COMMUNITY SERVICES DISTRICT,C,SAN LUIS OBISPO  ,1630,YES,NO,YES,NO,surface water
CA4000230,CANYON CREST MUTUAL BENEFIT WC,C,SAN LUIS OBISPO  ,133,YES,NO,YES,NO,surface water
CA4000716,AVILA VALLEY MUTUAL WATER CO,C,SAN LUIS OBISPO  ,75,YES,NO,YES,YES,surface water
CA4000722,"FIERO LANE WATER COMPANY, INC.",NTNC,SAN LUIS OBISPO  ,324,YES,NO,YES,NO,surface water
CA4000800,PORT SAN LUIS HARBOR DISTRICT,NTNC,SAN LUIS OBISPO  ,100,YES,NO,YES,NO,surface water
CA4010001,CITY OF ARROYO GRANDE UTILITIES DIVISION,C,SAN LUIS OBISPO  ,17963,YES,NO,YES,YES,surface water
CA4010003,SAN MIGUELITO MWC,C,SAN LUIS OBISPO  ,1600,YES,NO,YES,YES,groundwater
CA4010004,CITY OF GROVER BEACH PUBLIC WORKS DEPT,C,SAN LUIS OBISPO  ,12701,MAYBE,NO,MAYBE,YES,purchased water dominant
CA4010006,CAYUCOS BEACH MUTUAL WATER COMPANY,C,SAN LUIS OBISPO  ,2369,YES,NO,YES,NO,surface water
CA4010011,MORRO BAY PW DEPT - WATER DIVISION,C,SAN LUIS OBISPO  ,15581,YES,NO,YES,YES,surface water
CA4010015,MORRO ROCK MUTUAL WATER CO,C,SAN LUIS OBISPO  ,1874,YES,NO,YES,NO,surface water
CA4010026,NIPOMO COMM SERVICES DIST,C,SAN LUIS OBISPO  ,13771,YES,NO,YES,YES,surface water
CA4010028,SLO CSA NO. 16 - SHANDON,C,SAN LUIS OBISPO  ,1085,NO,NO,NO,YES,groundwater
CA4010030,CHORRO VALLEY PIPELINE - SLO COUNTY,C,SAN LUIS OBISPO  ,0,YES,NO,YES,NO,surface water
CA4010080,NACIMIENTO WATER PROJECT,C,SAN LUIS OBISPO  ,0,NO,NO,NO,NO,no data
CA4010301,HEARST MEMORIAL STATE BEACH,NC,SAN LUIS OBISPO  ,500,YES,NO,YES,NO,surface water
CA4010305,MONTANA DE ORO STATE PARK,NC,SAN LUIS OBISPO  ,990,NO,NO,NO,YES,groundwater
CA4010901,SLOCSA #10A - CAYUCOS,C,SAN LUIS OBISPO  ,1200,YES,NO,YES,NO,surface water
CA4100539,KINGS MOUNTAIN PARK MUTUAL,C,SAN MATEO  ,66,MAYBE,NO,MAYBE,MAYBE,purchased water dominant
CA4110001,MID-PENINSULA WATER DISTRICT,C,SAN MATEO  ,28050,YES,NO,YES,NO,surface water
CA4110002,CITY OF BRISBANE,C,SAN MATEO  ,3385,YES,NO,YES,NO,surface water
CA4110003,CITY OF BURLINGAME,C,SAN MATEO  ,31919,YES,NO,YES,NO,surface water
CA4110005,GUADALUPE VALLEY MID,C,SAN MATEO  ,1471,YES,NO,YES,NO,surface water
CA4110007,CALIFORNIA WATER SERVICE - SAN CARLOS,C,SAN MATEO  ,35453,YES,NO,YES,NO,surface water
CA4110008,CALIFORNIA WATER SERVICE - SAN MATEO,C,SAN MATEO  ,102663,YES,NO,YES,NO,surface water
CA4110009,CALIFORNIA WATER SERVICE-S SAN FRANCISCO,C,SAN MATEO  ,63439,YES,NO,YES,NO,surface water
CA4110013,CITY OF DALY CITY,C,SAN MATEO  ,108599,YES,NO,YES,YES,surface water
CA4110016,TOWN OF HILLSBOROUGH,C,SAN MATEO  ,11387,YES,NO,YES,NO,surface water
CA4110017,MENLO PARK MUNICIPAL WATER,C,SAN MATEO  ,19297,YES,NO,YES,NO,surface water
CA4110018,CITY OF MILLBRAE,C,SAN MATEO  ,22795,YES,NO,YES,NO,surface water
CA4110021,ESTERO MUNICIPAL IMPROVEMENT DISTRICT,C,SAN MATEO  ,36556,YES,NO,YES,NO,surface water
CA4110022,CITY OF REDWOOD CITY,C,SAN MATEO  ,89037,YES,NO,YES,NO,surface water
CA4110023,CITY OF SAN BRUNO,C,SAN MATEO  ,46085,YES,NO,YES,YES,groundwater
CA4110024,CITY OF EAST PALO ALTO,C,SAN MATEO  ,29519,YES,NO,YES,YES,groundwater
CA4110025,NORTH COAST COUNTY WATER DIST,C,SAN MATEO  ,38546,YES,NO,YES,NO,surface water
CA4110027,WESTBOROUGH WATER DISTRICT,C,SAN MATEO  ,13486,YES,NO,YES,NO,surface water
CA4110029,BUTANO STATE PARK - CSP,NC,SAN MATEO  ,114,MAYBE,NO,MAYBE,MAYBE,purchased water dominant
CA4210001,CARPINTERIA VALLEY WATER DISTRICT,C,SANTA BARBARA  ,15996,YES,NO,YES,YES,surface water
CA4210003,GUADALUPE WATER DEPARTMENT,C,SANTA BARBARA  ,8352,YES,NO,YES,YES,groundwater
CA4210011,CITY OF SANTA MARIA UTILITIES DEPARTMENT,C,SANTA BARBARA  ,109910,YES,NO,YES,YES,groundwater
CA4210013,SOLVANG WATER DIVISION,C,SANTA BARBARA  ,6126,YES,NO,YES,YES,groundwater
CA4210016,GOLDEN STATE WATER COMPANY - ORCUTT,C,SANTA BARBARA  ,33364,YES,NO,YES,YES,groundwater
CA4210018,BUELLTON WATER DEPARTMENT,C,SANTA BARBARA  ,5464,YES,NO,YES,YES,groundwater
CA4210020,SANTA YNEZ RIVER WATER CONS. DIST. ID#1,C,SANTA BARBARA  ,7022,YES,NO,YES,YES,groundwater
CA4210021,GOLDEN STATE WATER COMPANY - TANGLEWOOD,C,SANTA BARBARA  ,1970,YES,NO,YES,YES,groundwater
CA4210024,LA CUMBRE MUTUAL WATER CO,C,SANTA BARBARA  ,4861,YES,NO,YES,YES,groundwater
CA4210028,CACHUMA PROJECT,C,SANTA BARBARA  ,0,YES,NO,YES,NO,surface water
CA4210700,"AMERICAN WATER O&M, LLC - VSFB",C,SANTA BARBARA  ,14971,NO,NO,NO,YES,groundwater
CA4210900,CAL TRANS - GAVIOTA RSR,NC,SANTA BARBARA  ,4690,YES,NO,YES,NO,surface water
CA4300521,KENNON WATER COMPANY,C,SANTA CLARA  ,142,YES,NO,YES,NO,surface water
CA4300526,OAKMONT WATER SYSTEM,C,SANTA CLARA  ,73,YES,NO,YES,NO,surface water
CA4300545,SARATOGA HEIGHTS MUTUAL WATER COMPANY,C,SANTA CLARA  ,258,YES,NO,YES,NO,surface water
CA4300546,SIERRA ROAD IMPROVEMENT ASSOCIATION INC,C,SANTA CLARA  ,280,YES,NO,YES,NO,surface water
CA4300550,VISTA GRANDE WATER USERS ASSOCIATION,C,SANTA CLARA  ,79,YES,NO,YES,NO,surface water
CA4300562,ROSEVIEW HEIGHTS MUTUAL WATER COMPANY,C,SANTA CLARA  ,148,YES,NO,YES,NO,surface water
CA4300563,MT. PLEASANT WATER USERS ASSOCIATION,C,SANTA CLARA  ,300,YES,NO,YES,NO,surface water
CA4300740,MOUNTAIN SPRINGS MUTUAL WATER COMPANY,C,SANTA CLARA  ,40,YES,NO,YES,NO,surface water
CA4300741,MIREVAL IMPROVEMENT ASSOCIATION,C,SANTA CLARA  ,60,YES,NO,YES,NO,surface water
CA4300808,O'CONNOR HOSPITAL,NTNC,SANTA CLARA  ,2500,YES,NO,YES,NO,surface water
CA4300816,EL CAMINO HOSPITAL,NTNC,SANTA CLARA  ,3000,YES,NO,YES,NO,surface water
CA4300831,MT. EDEN MUTUAL WATER COMPANY,C,SANTA CLARA  ,165,YES,NO,YES,NO,surface water
CA4300833,SANTA CLARA VALLEY MEDICAL CENTER,NTNC,SANTA CLARA  ,3000,NO,NO,NO,YES,groundwater
CA4300856,SPRING VALLEY HEIGHTS ASSOCIATION INC,C,SANTA CLARA  ,66,YES,NO,YES,NO,surface water
CA4300978,BRUSH AND OLD WELL MUTUAL WATER COMPANY,C,SANTA CLARA  ,70,YES,NO,YES,NO,surface water
CA4300997,NASA AMES RESEARCH CENTER,C,SANTA CLARA  ,5300,YES,NO,YES,NO,surface water
CA4310001,CWSC LOS ALTOS SUBURBAN,C,SANTA CLARA  ,70175,YES,NO,YES,YES,surface water
CA4310005,CITY OF MILPITAS,C,SANTA CLARA  ,77961,YES,NO,YES,NO,surface water
CA4310007,CITY OF MOUNTAIN VIEW,C,SANTA CLARA  ,81756,YES,NO,YES,YES,surface water
CA4310009,CITY OF PALO ALTO,C,SANTA CLARA  ,67973,YES,NO,YES,NO,surface water
CA4310012,CITY OF SANTA CLARA,C,SANTA CLARA  ,130746,YES,NO,YES,YES,groundwater
CA4310013,STANFORD UNIVERSITY,C,SANTA CLARA  ,32235,YES,NO,YES,NO,surface water
CA4310018,CITY OF CUPERTINO,C,SANTA CLARA  ,16530,YES,NO,YES,YES,surface water
CA4310019,CITY OF SAN JOSE - NSJ/ALVISO,C,SANTA CLARA  ,37991,YES,NO,YES,YES,surface water
CA4310020,CITY OF SAN JOSE - EVG/EDV/COY,C,SANTA CLARA  ,98198,YES,NO,YES,YES,surface water
CA4310021,PURISSIMA HILLS WATER DISTRICT,C,SANTA CLARA  ,6822,YES,NO,YES,NO,surface water
CA4400526,BIG REDWOOD PARK WATER,C,SANTA CRUZ  ,182,YES,NO,YES,NO,surface water
CA4400570,MOUNTAIN SUMMIT MUTUAL WATER SYSTEM,NC,SANTA CRUZ  ,223,YES,NO,YES,NO,surface water
CA4400595,VILLA DEL MONTE MWC,C,SANTA CRUZ  ,419,MAYBE,NO,MAYBE,MAYBE,purchased water dominant
CA4400599,SUNSET BEACH MUTUAL WATER CO,C,SANTA CRUZ  ,182,YES,NO,YES,NO,surface water
CA4400608,FOREST SPRINGS,C,SANTA CRUZ  ,385,YES,NO,YES,NO,surface water
CA4400617,SUMMIT WEST MUTUAL WATER CO.,C,SANTA CRUZ  ,479,YES,NO,YES,NO,surface water
CA4400618,RIDGE MUTUAL WATER COMPANY,C,SANTA CRUZ  ,213,YES,NO,YES,NO,surface water
CA4400912,LOCH LOMOND REC AREA SANTA CRUZ WD,NC,SANTA CRUZ  ,50,YES,NO,YES,NO,surface water
CA4410011,"WATSONVILLE, CITY OF",C,SANTA CRUZ  ,65231,NO,NO,NO,YES,groundwater
CA4410017,SOQUEL CREEK WATER DISTRICT,C,SANTA CRUZ  ,40644,NO,NO,NO,YES,groundwater
CA4500006,"SHASTA CSA - SUGARLOAF, #2",C,SHASTA  ,160,MAYBE,NO,MAYBE,YES,groundwater dominant
CA4800695,MOOSE LODGE 1967,NC,SOLANO  ,159,NO,NO,NO,YES,groundwater
CA4810024,SID - BLUE RIDGE OAKS,C,SOLANO  ,63,YES,NO,YES,NO,surface water
CA4810026,SID - PEABODY,C,SOLANO  ,56,YES,NO,YES,NO,surface water
CA4810701,CALIFORNIA WATER SERVICE CO.-TRAVIS AFB,C,SOLANO  ,18111,YES,NO,YES,NO,surface water
CA4900647,SERENO DEL MAR WATER COMPANY (PUC),C,SONOMA  ,435,NO,NO,NO,YES,groundwater
CA4910007,"SEA RANCH WATER COMPANY,THE (PUC)",C,SONOMA  ,1160,NO,NO,NO,YES,groundwater
CA5010019,"TURLOCK, CITY OF",C,STANISLAUS  ,72682,NO,NO,NO,YES,groundwater
CA5010028,"CERES, CITY OF",C,STANISLAUS  ,48706,NO,NO,NO,YES,groundwater
CA5010043,STANISLAUS REGIONAL WATER AUTHORITY,C,STANISLAUS  ,#N/A,YES,#N/A,#N/A,#N/A,#N/A
CA5301010,BUD FINE MWC,NC,TRINITY  ,41,YES,#N/A,#N/A,#N/A,#N/A
CA5304502,"SALYER HEIGHTS W.S., INC",C,TRINITY  ,130,NO,NO,NO,NO,no data
CA5400968,IMPROVEMENT DISTRICT NO. 1,C,TULARE  ,200,NO,NO,NO,YES,groundwater
CA5410519,NPS-DORST CG,NC,TULARE  ,900,NO,NO,NO,NO,no data
CA5500031,CAMP MATHER,NC,TUOLUMNE  ,500,NO,NO,NO,NO,no data
CA5500064,MULLER MUTUAL WATER COMPANY,C,TUOLUMNE  ,154,YES,NO,YES,NO,surface water
CA5510023,SONORA MEADOWS MUTUAL WTR CO,C,TUOLUMNE  ,1123,YES,NO,YES,YES,surface water
CA5510024,SONORA WATER COMPANY INC,C,TUOLUMNE  ,1154,YES,NO,YES,NO,surface water
CA5601104,CASITAS MUTUAL WATER COMPANY,C,VENTURA  ,238,YES,NO,YES,NO,surface water
CA5601119,SIETE ROBLES MUTUAL WATER CO,C,VENTURA  ,323,NO,NO,NO,YES,groundwater
CA5601122,TICO MUTUAL WATER CO,C,VENTURA  ,70,YES,NO,YES,YES,groundwater
CA5601137,RINCON WATER & ROAD WORKS,C,VENTURA  ,25,YES,NO,YES,NO,surface water
CA5602103,CYPRESS MUTUAL WATER CO INC,C,VENTURA  ,224,YES,NO,YES,NO,surface water
CA5602130,SOLANO VERDE MUTUAL WATER CO,C,VENTURA  ,100,YES,NO,YES,NO,surface water
CA5602132,WATERS ROAD DOMESTIC USERS GROUP,C,VENTURA  ,25,YES,NO,YES,NO,surface water
CA5602406,RIO SCHOOL DIST/RIO DEL VALLE SCHOOL,NTNC,VENTURA  ,820,YES,NO,YES,NO,surface water
CA5602408,RIO SCHOOL DIST/ RIO REAL SCHOOL,NTNC,VENTURA  ,550,YES,NO,YES,NO,surface water
CA5603301,BRANDEIS BARDIN INSTITUTE,C,VENTURA  ,665,YES,NO,YES,NO,surface water
CA5610003,VENTURA CWWD NO. 17 - BELL CANYON,C,VENTURA  ,1946,YES,NO,YES,NO,surface water
CA5610005,MEINERS OAKS CWD,C,VENTURA  ,4200,YES,NO,YES,YES,groundwater
CA5610007,OXNARD WATER DEPT,C,VENTURA  ,200232,YES,NO,YES,YES,surface water
CA5610008,PLEASANT VALLEY MUTUAL WATER CO,C,VENTURA  ,5000,YES,NO,YES,YES,groundwater
CA5610009,PORT HUENEME WATER DEPT,C,VENTURA  ,21954,YES,NO,YES,NO,surface water
CA5610014,OJAI WATER SYSTEM,C,VENTURA  ,6801,YES,NO,YES,YES,groundwater
CA5610015,VENTURA CWWD NO. 19 - SOMIS,C,VENTURA  ,1429,YES,NO,YES,YES,groundwater
CA5610016,CALIFORNIA WATER SERVICE CO - WESTLAKE,C,VENTURA  ,19512,YES,NO,YES,NO,surface water
CA5610018,VENTURA CWWD NO. 1 - MOORPARK,C,VENTURA  ,36625,YES,NO,YES,YES,surface water
CA5610019,CAMARILLO WATER DEPT,C,VENTURA  ,46848,YES,NO,YES,YES,surface water
CA5610020,THOUSAND OAKS WATER DEPT,C,VENTURA  ,53157,YES,NO,YES,NO,surface water
CA5610022,VENTURA RIVER WATER DISTRICT,C,VENTURA  ,6100,YES,NO,YES,YES,groundwater
CA5610023,VENTURA WWD NO. 8 - SIMI VALLEY,C,VENTURA  ,94738,YES,NO,YES,YES,surface water
CA5610039,CHANNEL ISLANDS BEACH CSD,C,VENTURA  ,4861,YES,NO,YES,NO,surface water
CA5610040,CAL AMERICAN WATER CO,C,VENTURA  ,66809,YES,NO,YES,NO,surface water
CA5610043,TRIUNFO WATER & SANITATION DISTRICT,C,VENTURA  ,13898,YES,NO,YES,NO,surface water
CA5610056,VINEYARD AVE ESTATES MWC,C,VENTURA  ,1200,YES,NO,YES,NO,surface water
CA5610058,CRESTVIEW MUTUAL WATER CO,C,VENTURA  ,2079,NO,NO,NO,YES,groundwater
CA5610059,GOLDEN STATE WATER COMPANY - SIMI VALLEY,C,VENTURA  ,44640,YES,NO,YES,YES,surface water
CA5610063,CAMROSA WATER DISTRICT,C,VENTURA  ,32700,YES,NO,YES,YES,surface water
CA5610069,VENTURA CWWD NO. 38 - LAKE SHERWOOD,C,VENTURA  ,1759,YES,NO,YES,NO,surface water
CA5610080,PORT HUENEME WATER AGENCY,C,VENTURA  ,0,YES,NO,YES,NO,surface water
CA5610081,CAL AMERICAN WC - LAS POSAS ESTATES,C,VENTURA  ,2039,YES,NO,YES,NO,surface water
CA5610700,"NAVAL BASE VENTURA COUNTY, POINT MUGU",C,VENTURA  ,5700,YES,NO,YES,NO,surface water
CA5610701,"NAVAL BASE VENTURA COUNTY, PORT HUENEME",C,VENTURA  ,8625,YES,NO,YES,NO,surface water
CA5710001,CITY OF DAVIS,C,YOLO  ,67217,YES,NO,YES,YES,surface water
CA5710006,CITY OF WOODLAND,C,YOLO  ,61032,YES,NO,YES,YES,surface water
CA5710009,UC - DAVIS,C,YOLO  ,48828,YES,NO,YES,YES,groundwater
CA5790004,"DAVIS WWTP, CITY OF - RECYCLED",NP,YOLO  ,#N/A,YES,#N/A,#N/A,#N/A,#N/A
CA3600415,ARROWHEAD PINE ROSE CABIN,NC,SAN BERNARDINO  ,75,NO,NO,NO,NO,no data
CA3900714,SUNNYSIDE ESTATES WATER SYSTEM,C,SAN JOAQUIN  ,69,NO,NO,NO,YES,groundwater
090605118,Redwood Valley Rancheria,#N/A,Native American,152,YES,#N/A,#N/A,#N/A,#N/A
090605083,Redding Rancheria,#N/A,Native American,2015,YES,#N/A,#N/A,#N/A,#N/A
090605161,Thunder Valley Casino,#N/A,Native American,18007,YES,#N/A,#N/A,#N/A,#N/A
090600135,Kashia,#N/A,Native American,125,YES,#N/A,#N/A,#N/A,#N/A
090605109,Jackson Rancheria Casino & Hotel,#N/A,Native American,6120,YES,#N/A,#N/A,#N/A,#N/A
090605017,San Pasqual District A,#N/A,Native American,1225,YES,#N/A,#N/A,#N/A,#N/A
090605080,San Pasqual District B,#N/A,Native American,705,YES,#N/A,#N/A,#N/A,#N/A
090605024,Sycuan,#N/A,Native American,12350,YES,#N/A,#N/A,#N/A,#N/A
090605013,Pechanga,#N/A,Native American,29100,YES,#N/A,#N/A,#N/A,#N/A
090600156,Tule River Reservation Main,#N/A,Native American,2555,YES,#N/A,#N/A,#N/A,#N/A
090600154,Table Mountain Rancheria,#N/A,Native American,8675,YES,#N/A,#N/A,#N/A,#N/A
090600030,Coyote Valley System,#N/A,Native American,500,YES,#N/A,#N/A,#N/A,#N/A
090600134,Yurok - Wautec,#N/A,Native American,29,YES,#N/A,#N/A,#N/A,#N/A
090605006,Yurok - Weitchpec,#N/A,Native American,120,YES,#N/A,#N/A,#N/A,#N/A
090605033,Yurok - Kepel,#N/A,Native American,76,YES,#N/A,#N/A,#N/A,#N/A
090600161,Yurok - McCoy - Kenek,#N/A,Native American,30,YES,#N/A,#N/A,#N/A,#N/A
090600058,Red Hawk Casino - Shingle Springs,#N/A,Native American,11268,YES,#N/A,#N/A,#N/A,#N/A
090605169,Tuolumne Me-Wuk Ridgeline,#N/A,Native American,30,YES,#N/A,#N/A,#N/A,#N/A
090605004,Grindstone Rancheria,#N/A,Native American,150,YES,#N/A,#N/A,#N/A,#N/A
090605126,Hoopa Valley-Wide System,#N/A,Native American,3500,YES,#N/A,#N/A,#N/A,#N/A
090605060,Howonquet Community(Smith River),#N/A,Native American,220,YES,#N/A,#N/A,#N/A,#N/A